Rk,Player,Pos,Age,Team,G,MP,,FG,2P,3P,eFG,FT,TS,FTr,3PAr,,FG+,2P+,3P+,eFG+,FT+,TS+,FTr+,3PAr+,,FG Add,TS Add,Player Shooting %,Player Shooting %,Player Shooting %,Player Shooting %,Player Shooting %,Player Shooting %,Player Shooting %,Player Shooting %,,League-Adjusted,League-Adjusted,League-Adjusted,League-Adjusted,League-Adjusted,League-Adjusted,League-Adjusted,League-Adjusted,,,
1,Precious Achiuwa\achiupr01,C,22,TOR,46,1071,,.421,.447,.291,.445,.569,.462,.214,.163,,92,85,83,85,74,83,89,41,,-54.5,-71.6
2,Steven Adams\adamsst01,C,28,MEM,54,1397,,.541,.541,,.541,.567,.561,.556,.000,,119,103,,103,73,100,231,,,8.0,.9
3,Bam Adebayo\adebaba01,C,24,MIA,32,1057,,.527,.531,.000,.527,.767,.583,.441,.007,,116,101,,100,99,104,183,2,,.8,23.8
4,Santi Aldama\aldamsa01,PF,21,MEM,27,277,,.381,.569,.103,.402,.600,.425,.206,.402,,84,108,29,76,78,76,86,100,,-24.0,-28.4
5,LaMarcus Aldridge\aldrila01,C,36,BRK,36,825,,.555,.582,.316,.571,.853,.601,.182,.102,,122,110,90,109,110,107,76,25,,33.7,33.0
6,Nickeil Alexander-Walker\alexani01,SG,23,TOT,51,1318,,.375,.434,.311,.450,.722,.474,.153,.483,,82,82,89,86,93,85,64,120,,-95.8,-116.1
7,Nickeil Alexander-Walker\alexani01,SG,23,NOP,50,1317,,.375,.434,.311,.450,.722,.474,.153,.483,,82,82,89,86,93,85,64,120,,-95.8,-116.1
8,Nickeil Alexander-Walker\alexani01,SG,23,UTA,1,1,,,,,,,,,,,,,,,,,,,,.0,.0
9,Grayson Allen\allengr01,SG,26,MIL,47,1323,,.427,.500,.393,.561,.857,.582,.126,.681,,94,95,112,107,111,104,52,170,,30.9,21.4
10,Jarrett Allen\allenja01,C,23,CLE,49,1597,,.665,.676,.100,.666,.700,.687,.438,.021,,146,128,29,127,91,123,182,5,,135.8,147.2
11,Jose Alvarado\alvarjo01,PG,23,NOP,29,373,,.434,.512,.321,.500,.696,.520,.169,.412,,95,97,92,95,90,93,70,103,,-7.1,-11.5
12,Justin Anderson\anderju01,SF,28,TOT,6,77,,.316,.750,.200,.395,.857,.476,.368,.789,,69,142,57,75,111,85,153,197,,-5.0,-3.7
13,Justin Anderson\anderju01,SF,28,CLE,3,47,,.500,1.000,.333,.625,.750,.666,.500,.750,,110,190,95,119,97,119,208,187,,1.6,2.1
14,Justin Anderson\anderju01,SF,28,IND,3,30,,.182,.500,.111,.227,1.000,.325,.273,.818,,40,95,32,43,129,58,113,204,,-6.6,-5.8
15,Kyle Anderson\anderky01,PF,28,MEM,45,998,,.435,.467,.333,.475,.653,.499,.222,.241,,95,89,95,90,84,89,92,60,,-32.8,-43.1
16,Giannis Antetokounmpo\antetgi01,PF,27,MIL,47,1528,,.541,.605,.298,.572,.718,.623,.606,.210,,119,115,85,109,93,111,252,52,,79.3,139.2
17,Thanasis Antetokounmpo\antetth01,SF,29,MIL,34,355,,.477,.533,.091,.483,.625,.507,.279,.128,,105,101,26,92,81,91,116,32,,-7.5,-10.1
18,Carmelo Anthony\anthoca01,PF,37,LAL,50,1327,,.437,.496,.392,.548,.824,.583,.227,.565,,96,94,112,104,107,104,94,141,,22.8,26.9
19,Cole Anthony\anthoco01,PG,21,ORL,44,1466,,.395,.437,.338,.467,.851,.519,.269,.426,,87,83,97,89,110,93,112,106,,-79.9,-60.5
20,OG Anunoby\anunoog01,SF,24,TOR,40,1486,,.439,.507,.356,.519,.743,.542,.170,.449,,96,96,102,99,96,97,71,112,,-8.1,-23.5
,,,,,,,,,,,,,,,,,,,,,,,,,,,
,,,,,,,,,,,,,,,,,,,,,,,,,,,
21,Trevor Ariza\arizatr01,SF,36,LAL,19,366,,.352,.462,.328,.486,.583,.498,.169,.817,,77,88,94,92,76,89,70,204,,-5.7,-9.4
22,D.J. Augustin\augusdj01,PG,34,HOU,34,510,,.404,.400,.406,.548,.868,.596,.279,.706,,89,76,116,104,112,106,116,176,,5.9,11.1
23,Deni Avdija\avdijde01,SF,21,WAS,55,1266,,.442,.556,.303,.510,.750,.542,.234,.453,,97,105,87,97,97,97,97,113,,-10.7,-13.2
24,Joel Ayayi\ayayijo01,SG,21,WAS,7,20,,.167,.200,.000,.167,,.167,.000,.167,,37,38,,32,,30,,42,,-4.3,-4.7
25,Deandre Ayton\aytonde01,C,23,PHO,35,1018,,.645,.654,.250,.648,.722,.665,.249,.021,,142,124,72,123,93,119,104,5,,94.8,90.9
26,Udoka Azubuike\azubuud01,C,22,UTA,14,170,,.725,.725,,.725,.444,.705,.225,.000,,159,137,,138,58,126,94,,,15.9,12.8
27,Marvin Bagley III\baglema01,PF,22,SAC,30,656,,.463,.538,.242,.494,.745,.521,.191,.252,,102,102,69,94,96,93,79,63,,-15.8,-20.5
28,LaMelo Ball\ballla01,PG,20,CHO,51,1654,,.427,.467,.373,.507,.867,.547,.210,.431,,94,89,107,96,112,98,87,108,,-32.5,-22.9
29,Lonzo Ball\balllo01,PG,24,CHI,35,1212,,.423,.423,.423,.567,.750,.575,.073,.679,,93,80,121,108,97,103,30,169,,31.1,12.6
30,Mo Bamba\bambamo01,C,23,ORL,47,1235,,.470,.562,.351,.546,.800,.565,.126,.437,,103,107,100,104,104,101,52,109,,16.4,4.9
31,Desmond Bane\banede01,SF,23,MEM,54,1624,,.463,.506,.415,.561,.900,.586,.129,.477,,101,96,119,107,116,105,54,119,,54.9,43.5
32,Dalano Banton\bantoda01,SF,22,TOR,45,535,,.415,.470,.262,.450,.625,.471,.201,.264,,91,89,75,86,81,84,84,66,,-24.2,-30.7
33,Cat Barber\barbeca01,PG,27,ATL,3,13,,.000,.000,,.000,.000,.000,1.000,.000,,,,,,,,416,,,-4.2,-6.4
34,Harrison Barnes\barneha02,PF,29,SAC,53,1788,,.467,.510,.411,.556,.827,.626,.506,.434,,102,97,118,106,107,112,210,108,,36.1,96.8
35,Scottie Barnes\barnesc01,PF,20,TOR,47,1684,,.475,.519,.317,.510,.736,.542,.250,.219,,104,98,91,97,95,97,104,55,,-18.8,-22.5
36,RJ Barrett\barrerj01,SF,21,NYK,48,1587,,.412,.445,.354,.476,.695,.513,.300,.365,,90,84,101,91,90,92,125,91,,-73.5,-78.4
37,Will Barton\bartowi01,SG,31,DEN,49,1595,,.445,.504,.377,.533,.771,.552,.128,.467,,98,96,108,101,100,99,53,117,,9.5,-11.0
38,Charles Bassey\bassech01,PF,21,PHI,22,161,,.651,.718,.000,.651,.727,.669,.256,.093,,143,136,,124,94,120,106,23,,10.8,10.5
39,Paris Bass\basspa01,SF,26,PHO,2,7,,.333,.500,.000,.333,1.000,.436,.333,.333,,73,95,,63,129,78,139,83,,-2.3,-1.7
40,Keita Bates-Diop\bateske01,SF,26,SAS,43,708,,.500,.549,.333,.538,.690,.560,.226,.226,,110,104,95,102,89,100,94,56,,4.4,.1
,,,,,,,,,,,,,,,,,,,,,,,,,,,
,,,,,,,,,,,,,,,,,,,,,,,,,,,
41,Nicolas Batum\batumni01,PF,33,LAC,37,918,,.485,.697,.405,.632,.667,.637,.100,.724,,106,132,116,120,86,114,42,181,,50.6,38.7
42,Kent Bazemore\bazemke01,SF,32,LAL,31,455,,.328,.296,.354,.424,.765,.451,.143,.546,,72,56,101,81,99,81,59,136,,-24.2,-27.6
43,Darius Bazley\bazleda01,PF,21,OKC,51,1377,,.400,.469,.294,.458,.696,.491,.253,.396,,88,89,84,87,90,88,105,99,,-61.6,-68.9
44,Bradley Beal\bealbr01,SG,28,WAS,40,1439,,.451,.508,.300,.492,.833,.539,.263,.272,,99,96,86,94,108,96,109,68,,-52.0,-34.9
45,Malik Beasley\beaslma01,SG,25,MIN,57,1463,,.381,.435,.359,.509,.762,.519,.064,.716,,83,83,103,97,99,93,27,179,,-21.9,-54.6
46,Jordan Bell\belljo01,C,27,CHI,1,2,,,,,,,,,,,,,,,,,,,,.0,.0
47,DeAndre' Bembry\bembrde01,SF,27,BRK,48,949,,.568,.599,.417,.603,.600,.609,.164,.169,,125,114,119,115,78,109,68,42,,33.0,22.4
48,Dāvis Bertāns\bertada01,PF,29,WAS,34,501,,.351,.519,.319,.485,.933,.527,.175,.842,,77,98,91,92,121,94,73,210,,-13.9,-12.2
49,Patrick Beverley\beverpa01,PG,33,MIN,38,990,,.406,.482,.340,.497,.722,.528,.246,.532,,89,91,97,94,93,94,102,133,,-17.2,-20.4
50,Saddiq Bey\beysa01,SF,22,DET,56,1878,,.385,.436,.339,.474,.833,.513,.206,.525,,84,83,97,90,108,92,86,131,,-81.8,-79.6
51,Khem Birch\birchkh01,C,29,TOR,29,542,,.486,.524,.000,.486,.750,.541,.396,.072,,107,99,,93,97,97,165,18,,-8.8,-4.9
52,Goga Bitadze\bitadgo01,C,22,IND,34,387,,.442,.576,.174,.471,.625,.503,.348,.333,,97,109,50,90,81,90,145,83,,-15.2,-18.1
53,Bismack Biyombo\biyombi01,C,29,PHO,17,308,,.615,.615,,.615,.529,.612,.531,.000,,135,117,,117,69,109,221,,,17.0,12.4
54,Nemanja Bjelica\bjeline01,C,33,GSW,51,786,,.448,.543,.336,.525,.682,.550,.255,.459,,98,103,96,100,88,98,106,115,,-0.4,-5.4
55,Eric Bledsoe\bledser01,PG,32,LAC,54,1361,,.421,.479,.313,.475,.761,.514,.250,.348,,92,91,90,90,98,92,104,87,,-47.3,-47.4
56,Keljin Blevins\blevike01,SF,26,POR,12,73,,.391,.333,.429,.522,.000,.503,.087,.609,,86,63,123,99,,90,36,152,,-0.2,-2.7
57,Bogdan Bogdanović\bogdabo01,SG,29,ATL,38,1094,,.424,.503,.369,.533,.827,.553,.122,.590,,93,95,106,101,107,99,51,147,,5.9,-5.5
58,Bojan Bogdanović\bogdabo02,PF,32,UTA,54,1673,,.454,.527,.376,.544,.868,.593,.283,.481,,100,100,108,104,112,106,118,120,,26.7,54.7
59,Bol Bol\bolbo01,PF,22,DEN,14,81,,.556,.609,.250,.574,.400,.565,.185,.148,,122,115,72,109,52,101,77,37,,2.6,.3
60,Leandro Bolmaro\bolmale01,SF,21,MIN,25,188,,.281,.350,.167,.312,.889,.389,.281,.375,,62,66,48,59,115,70,117,94,,-13.7,-12.2
,,,,,,,,,,,,,,,,,,,,,,,,,,,
,,,,,,,,,,,,,,,,,,,,,,,,,,,
61,Isaac Bonga\bongais01,SF,22,TOR,13,66,,.231,.222,.250,.269,.667,.352,.462,.308,,51,42,72,51,86,63,192,77,,-6.7,-6.5
62,Devin Booker\bookede01,SG,25,PHO,49,1661,,.447,.487,.369,.510,.861,.555,.239,.345,,98,92,106,97,111,99,100,86,,-31.8,-10.6
63,Brandon Boston Jr.\bostobr01,SG,20,LAC,39,605,,.363,.404,.289,.414,.855,.462,.215,.352,,80,77,83,79,111,83,89,88,,-57.3,-54.6
64,Chris Boucher\bouchch01,PF,29,TOR,53,1067,,.461,.576,.283,.516,.769,.564,.352,.393,,101,109,81,98,100,101,147,98,,-7.1,4.0
65,James Bouknight\bouknja01,SG,21,CHO,27,288,,.353,.356,.347,.415,.871,.468,.228,.360,,77,68,99,79,113,84,95,90,,-30.1,-27.5
66,Avery Bradley\bradlav01,SG,31,LAL,49,1165,,.411,.455,.381,.523,.857,.533,.047,.589,,90,86,109,100,111,95,19,147,,-1.5,-16.5
67,Tony Bradley\bradlto01,C,24,CHI,43,488,,.585,.585,,.585,.667,.599,.198,.000,,128,111,,111,86,107,82,,,12.5,9.0
68,Ignas Brazdeikis\brazdig01,SF,23,ORL,27,239,,.356,.410,.294,.425,.786,.461,.192,.466,,78,78,84,81,102,82,80,116,,-14.8,-15.6
69,Mikal Bridges\bridgmi01,SF,25,PHO,56,1945,,.528,.623,.373,.599,.867,.623,.149,.381,,116,118,107,114,112,111,62,95,,81.1,74.7
70,Miles Bridges\bridgmi02,PF,23,CHO,56,2009,,.482,.591,.307,.541,.800,.579,.263,.382,,106,112,88,103,104,104,110,95,,25.7,37.4
71,Oshae Brissett\brissos01,SF,23,IND,45,897,,.410,.466,.344,.489,.659,.520,.306,.455,,90,88,99,93,85,93,127,114,,-19.9,-24.3
72,Malcolm Brogdon\brogdma01,PG,29,IND,28,934,,.448,.529,.307,.504,.861,.558,.297,.365,,98,100,88,96,111,100,123,91,,-18.3,-1.1
73,Armoni Brooks\brookar01,SG,23,HOU,41,690,,.347,.605,.300,.474,.842,.490,.076,.849,,76,115,86,90,109,88,31,212,,-26.0,-36.3
74,Dillon Brooks\brookdi01,SF,26,MEM,21,587,,.426,.469,.327,.475,.889,.521,.212,.297,,94,89,94,90,115,93,88,74,,-34.6,-29.0
75,Bruce Brown\brownbr01,SF,25,BRK,47,964,,.480,.509,.316,.504,.717,.527,.184,.152,,105,97,90,96,93,94,77,38,,-11.0,-17.5
76,Charlie Brown Jr.\brownch02,SG,24,TOT,18,166,,.250,.333,.083,.264,.875,.329,.222,.333,,55,63,24,50,113,59,92,83,,-18.9,-18.2
77,Charlie Brown Jr.\brownch02,SG,24,DAL,3,15,,.200,.500,.000,.200,,.200,.000,.600,,44,95,,38,,36,,150,,-3.3,-3.6
78,Charlie Brown Jr.\brownch02,SG,24,PHI,15,151,,.258,.318,.111,.274,.875,.348,.258,.290,,57,60,32,52,113,62,107,72,,-15.6,-14.6
79,Chaundee Brown Jr.\brownch05,SF-SG,23,TOT,5,104,,.312,.286,.333,.406,.833,.447,.188,.562,,69,54,95,77,108,80,78,140,,-7.7,-7.8
80,Chaundee Brown Jr.\brownch05,SF,23,LAL,2,21,,.143,.250,.000,.143,,.143,.000,.429,,31,47,,27,,26,,107,,-5.4,-5.8
,,,,,,,,,,,,,,,,,,,,,,,,,,,
,,,,,,,,,,,,,,,,,,,,,,,,,,,
81,Chaundee Brown Jr.\brownch05,SG,23,ATL,3,83,,.360,.300,.400,.480,.833,.525,.240,.600,,79,57,115,91,108,94,100,150,,-2.3,-1.9
82,Greg Brown III\browngr01,SF,20,POR,26,190,,.446,.547,.190,.473,.607,.504,.378,.284,,98,104,55,90,79,90,157,71,,-7.8,-9.6
83,Jaylen Brown\brownja02,SF,25,BOS,44,1512,,.455,.530,.342,.524,.776,.560,.259,.403,,100,101,98,100,100,100,108,101,,-3.9,1.0
84,Moses Brown\brownmo01,C,22,DAL,26,169,,.540,.540,,.540,.628,.588,.860,.000,,118,102,,103,81,105,358,,,1.4,3.9
85,Sterling Brown\brownst02,SG,26,DAL,36,513,,.398,.490,.342,.504,.909,.523,.086,.617,,87,93,98,96,118,93,36,154,,-5.6,-9.7
86,Troy Brown Jr.\browntr01,SF,22,CHI,46,820,,.405,.480,.327,.485,.760,.505,.125,.490,,89,91,93,92,98,90,52,122,,-16.4,-23.2
87,Jalen Brunson\brunsja01,PG,25,DAL,56,1784,,.502,.547,.357,.545,.808,.575,.203,.238,,110,104,102,104,105,103,84,59,,26.7,24.4
88,Thomas Bryant\bryanth01,C,24,WAS,13,218,,.494,.564,.346,.549,.765,.576,.210,.321,,108,107,99,104,99,103,87,80,,3.8,3.0
89,Shaq Buchanan\buchash01,PG,25,MEM,2,10,,.250,.500,.000,.250,,.250,.000,.500,,55,95,,48,,45,,125,,-2.2,-2.5
90,Reggie Bullock\bullore01,SF,30,DAL,49,1242,,.415,.582,.363,.554,.857,.572,.104,.764,,91,110,104,105,111,102,43,191,,18.6,8.8
91,Trey Burke\burketr01,PG,29,DAL,32,346,,.415,.471,.333,.482,.941,.507,.099,.404,,91,89,95,92,122,91,41,101,,-14.9,-18.8
92,Alec Burks\burksal01,SG,30,NYK,56,1490,,.383,.373,.392,.484,.826,.550,.381,.518,,84,71,112,92,107,98,158,129,,-40.0,-11.2
93,Jared Butler\butleja02,SG,21,UTA,27,210,,.409,.463,.362,.506,.583,.515,.136,.534,,90,88,104,96,76,92,57,133,,-3.6,-8.4
94,Jimmy Butler\butleji01,SF,32,MIA,38,1284,,.491,.531,.206,.504,.893,.601,.536,.122,,108,101,59,96,116,107,223,31,,-24.8,57.0
95,Devontae Cacok\cacokde01,PF,25,SAS,10,80,,.696,.696,,.696,.571,.690,.304,.000,,153,132,,132,74,123,127,,,7.8,6.8
96,Kentavious Caldwell-Pope\caldwke01,SG,28,WAS,52,1523,,.407,.448,.367,.501,.893,.532,.145,.514,,89,85,105,95,116,95,60,128,,-25.9,-30.8
97,Facundo Campazzo\campafa01,PG,30,DEN,53,1077,,.379,.485,.320,.482,.800,.525,.257,.643,,83,92,92,92,104,94,107,161,,-24.1,-20.9
98,Vlatko Čančar\cancavl01,PF,24,DEN,14,152,,.564,.556,.583,.654,.750,.678,.308,.308,,124,105,167,124,97,121,128,77,,10.0,10.4
99,Clint Capela\capelca01,C,27,ATL,48,1348,,.588,.589,.000,.588,.466,.581,.291,.003,,129,112,,112,60,104,121,1,,49.4,19.4
100,Vernon Carey Jr.\careyve01,C,20,TOT,5,18,,.500,.500,,.500,.667,.546,.500,.000,,110,95,,95,86,98,208,,,-0.3,-0.2
,,,,,,,,,,,,,,,,,,,,,,,,,,,
,,,,,,,,,,,,,,,,,,,,,,,,,,,
101,Vernon Carey Jr.\careyve01,C,20,CHO,4,17,,.500,.500,,.500,.667,.546,.500,.000,,110,95,,95,86,98,208,,,-0.3,-0.2
102,Vernon Carey Jr.\careyve01,C,20,WAS,1,1,,,,,,,,,,,,,,,,,,,,.0,.0
103,Jevon Carter\carteje01,PG,26,BRK,43,505,,.331,.310,.339,.455,.750,.463,.052,.727,,73,59,97,86,97,83,22,182,,-22.0,-30.3
104,Wendell Carter Jr.\cartewe01,C,22,ORL,49,1436,,.505,.603,.318,.560,.706,.588,.299,.344,,111,114,91,106,91,105,125,86,,34.5,32.7
105,Alex Caruso\carusal01,SG,27,CHI,28,775,,.429,.505,.345,.511,.814,.563,.324,.478,,94,96,99,97,105,101,135,119,,-5.4,1.2
106,Willie Cauley-Stein\caulewi01,C,28,DAL,18,177,,.457,.455,.500,.471,.500,.474,.057,.057,,100,86,143,90,65,85,24,14,,-3.8,-6.2
107,Ahmad Caver\caverah01,PG,25,IND,1,1,,1.000,1.000,,1.000,,1.000,.000,.000,,219,190,,190,,179,,,,.9,.9
108,Justin Champagnie\champju01,SF,20,TOR,30,252,,.483,.526,.409,.558,1.000,.594,.150,.367,,106,100,117,106,129,106,62,92,,3.9,4.4
109,Zylan Cheatham\cheatzy01,SF,26,UTA,1,5,,.000,.000,.000,.000,,.000,.000,.667,,,,,,,,,166,,-3.2,-3.4
110,Chris Chiozza\chiozch01,PG,26,GSW,26,279,,.292,.136,.372,.415,1.000,.420,.015,.662,,64,26,107,79,129,75,6,165,,-14.4,-18.2
111,Josh Christopher\chrisjo01,SG,20,HOU,47,780,,.467,.549,.339,.533,.766,.563,.223,.390,,102,104,97,101,99,101,93,97,,4.1,2.3
112,Marquese Chriss\chrisma01,PF,24,DAL,23,256,,.475,.512,.333,.510,.632,.526,.188,.208,,104,97,95,97,82,94,78,52,,-3.2,-7.4
113,Brandon Clarke\clarkbr01,PF,25,MEM,43,818,,.651,.679,.222,.658,.698,.673,.295,.062,,143,129,64,125,90,120,122,15,,76.9,74.8
114,Gary Clark\clarkga01,PF,27,NOP,24,269,,.361,.300,.373,.516,.750,.535,.131,.836,,79,57,107,98,97,96,55,209,,-1.2,-3.2
115,Jordan Clarkson\clarkjo01,SG,29,UTA,53,1405,,.402,.513,.318,.493,.827,.520,.148,.571,,88,97,91,94,107,93,62,143,,-49.5,-62.6
116,Nic Claxton\claxtni01,C,22,BRK,25,530,,.639,.639,,.639,.566,.639,.342,.000,,140,121,,121,73,114,142,,,35.0,28.4
117,Amir Coffey\coffeam01,SG,24,LAC,45,993,,.458,.553,.391,.573,.890,.619,.265,.585,,100,105,112,109,115,111,110,146,,25.7,36.3
118,Darren Collison\collida01,PG,34,LAL,3,37,,.286,.500,.000,.286,,.286,.000,.429,,63,95,,54,,51,,107,,-3.4,-3.8
119,John Collins\collijo01,PF,24,ATL,50,1564,,.537,.591,.388,.588,.794,.621,.264,.264,,118,112,111,112,103,111,110,66,,75.6,83.1
120,Zach Collins\colliza01,PF,24,SAS,3,48,,.421,.375,.667,.474,.500,.482,.211,.158,,92,71,191,90,65,86,88,39,,-2.0,-3.2
,,,,,,,,,,,,,,,,,,,,,,,,,,,
,,,,,,,,,,,,,,,,,,,,,,,,,,,
121,Mike Conley\conlemi01,PG,34,UTA,50,1419,,.446,.473,.423,.558,.835,.591,.209,.528,,98,90,121,106,108,106,87,132,,35.4,37.7
122,Pat Connaughton\connapa01,SG,29,MIL,54,1457,,.467,.639,.407,.618,.811,.630,.089,.740,,103,121,117,118,105,112,37,185,,76.5,60.3
123,Tyler Cook\cookty01,PF,24,CHI,19,196,,.611,.611,,.611,.645,.645,.861,.000,,134,116,,116,84,115,358,,,6.1,8.4
124,Sharife Cooper\coopesh01,PG,20,ATL,11,35,,.214,.250,.167,.250,,.250,.000,.429,,47,47,48,48,,45,,107,,-7.7,-8.7
125,Petr Cornelie\cornepe01,PF,26,DEN,13,38,,.333,.571,.125,.367,.750,.418,.267,.533,,73,108,36,70,97,75,111,133,,-4.8,-4.8
126,DeMarcus Cousins\couside01,C,31,TOT,23,366,,.409,.500,.262,.459,.778,.514,.340,.384,,90,95,75,87,101,92,141,96,,-21.2,-16.5
127,DeMarcus Cousins\couside01,C,31,MIL,17,287,,.466,.600,.271,.521,.816,.572,.322,.407,,102,114,78,99,106,102,134,102,,-1.1,3.2
128,DeMarcus Cousins\couside01,C,31,DEN,6,79,,.244,.250,.231,.280,.688,.354,.390,.317,,53,47,66,53,89,63,162,79,,-20.1,-19.8
129,Robert Covington\covinro01,PF-SF,31,TOT,52,1505,,.388,.483,.343,.504,.822,.527,.125,.679,,85,92,98,96,106,94,52,169,,-15.7,-25.2
130,Robert Covington\covinro01,PF,31,POR,48,1431,,.381,.462,.343,.499,.833,.519,.107,.685,,84,88,98,95,108,93,45,171,,-18.4,-28.8
131,Robert Covington\covinro01,SF,31,LAC,4,74,,.480,.700,.333,.580,.778,.622,.360,.600,,105,133,95,110,101,111,150,150,,2.7,3.6
132,Torrey Craig\craigto01,SF,31,TOT,52,1057,,.462,.577,.340,.545,.771,.562,.121,.486,,101,109,97,104,100,100,50,121,,11.0,1.2
133,Torrey Craig\craigto01,SF,31,IND,51,1034,,.456,.573,.333,.537,.771,.555,.125,.491,,100,109,95,102,100,99,52,123,,6.4,-2.7
134,Torrey Craig\craigto01,SF,31,PHO,1,23,,.667,.667,.667,.778,,.778,.000,.333,,146,126,191,148,,139,,83,,4.5,3.9
135,Jae Crowder\crowdja01,PF,31,PHO,46,1301,,.396,.517,.337,.510,.830,.536,.147,.673,,87,98,97,97,107,96,61,168,,-11.7,-18.1
136,Jarrett Culver\culveja01,SG,22,MEM,26,237,,.424,.475,.323,.478,.524,.489,.228,.337,,93,90,92,91,68,87,95,84,,-8.8,-14.3
137,Jarron Cumberland\cumbeja01,SG,24,POR,3,12,,.500,1.000,.000,.500,,.500,.000,.500,,110,190,,95,,89,,125,,-0.1,-0.2
138,Cade Cunningham\cunnica01,PG,20,DET,42,1336,,.397,.444,.330,.465,.860,.494,.137,.414,,87,84,94,88,111,88,57,103,,-76.7,-87.5
139,Seth Curry\curryse01,SG,31,PHI,45,1566,,.485,.561,.400,.580,.877,.603,.138,.473,,106,106,115,110,113,108,57,118,,56.6,49.1
140,Stephen Curry\curryst01,PG,33,GSW,52,1808,,.422,.500,.376,.541,.917,.590,.247,.630,,93,95,108,103,119,105,103,157,,30.1,68.2
,,,,,,,,,,,,,,,,,,,,,,,,,,,
,,,,,,,,,,,,,,,,,,,,,,,,,,,
141,Anthony Davis\davisan02,C,28,LAL,36,1281,,.534,.576,.169,.542,.707,.578,.359,.104,,117,109,48,103,91,103,149,26,,20.5,26.6
142,Ed Davis\davised01,C,32,CLE,19,142,,.643,.643,,.643,.375,.599,.571,.000,,141,122,,122,49,107,238,,,3.3,1.4
143,Terence Davis\daviste02,SG,24,SAC,30,536,,.423,.542,.329,.515,.818,.543,.165,.558,,93,103,94,98,106,97,69,139,,-5.8,-9.5
144,Gabriel Deck\deckga01,PF,26,OKC,7,56,,.571,.600,.500,.643,,.643,.000,.286,,125,114,143,122,,115,,71,,3.3,2.3
145,Dewayne Dedmon\dedmode01,C,32,MIA,50,820,,.580,.591,.516,.616,.778,.649,.321,.138,,127,112,148,117,101,116,134,35,,40.4,45.8
146,Sam Dekker\dekkesa01,PF,27,TOR,1,1,,,,,,,,,,,,,,,,,,,,.0,.0
147,Javin DeLaurier\delauja01,C,23,MIL,1,3,,,,,,,,,,,,,,,,,,,,.0,.0
148,DeMar DeRozan\derozde01,PF,32,CHI,53,1884,,.512,.530,.337,.528,.862,.597,.409,.094,,112,101,96,100,112,107,170,23,,3.9,91.4
149,Mamadi Diakite\diakima01,PF,25,OKC,13,188,,.532,.595,.000,.532,.545,.540,.234,.106,,117,113,,101,71,97,97,27,,.6,-2.0
150,Cheick Diallo\diallch01,C,25,DET,3,31,,.375,.375,,.375,.833,.517,.750,.000,,82,71,,71,108,92,312,,,-2.4,-0.9
151,Hamidou Diallo\diallha01,SG,23,DET,49,1113,,.500,.556,.244,.522,.632,.542,.258,.181,,110,106,70,99,82,97,107,45,,-3.5,-17.7
152,Gorgui Dieng\dienggo01,C,32,ATL,36,327,,.479,.548,.423,.596,.708,.617,.255,.553,,105,104,121,113,92,110,106,138,,13.1,12.0
153,Spencer Dinwiddie\dinwisp01,PG,28,WAS,44,1330,,.376,.432,.310,.447,.811,.501,.291,.459,,82,82,89,85,105,90,121,115,,-77.5,-65.1
154,Donte DiVincenzo\divindo01,SG,25,TOT,18,360,,.323,.413,.272,.409,.862,.462,.228,.638,,71,78,78,78,112,82,95,159,,-29.6,-27.4
155,Donte DiVincenzo\divindo01,SG,25,MIL,17,341,,.331,.409,.284,.419,.852,.470,.229,.627,,72,78,81,80,110,84,95,157,,-25.1,-23.4
156,Donte DiVincenzo\divindo01,SG,25,SAC,1,19,,.222,.500,.143,.278,1.000,.354,.222,.778,,49,95,41,53,129,63,92,194,,-4.5,-4.1
157,Luka Dončić\doncilu01,PG,22,DAL,42,1483,,.452,.527,.329,.514,.733,.555,.329,.382,,99,100,94,98,95,99,137,95,,-20.6,-9.9
158,Luguentz Dort\dortlu01,SF,22,OKC,51,1665,,.404,.487,.332,.493,.843,.541,.263,.539,,89,92,95,94,109,97,109,134,,-47.6,-29.6
159,Ayo Dosunmu\dosunay01,SG,22,CHI,52,1321,,.527,.592,.419,.605,.661,.616,.179,.374,,116,112,120,115,86,110,74,93,,49.8,38.1
160,Damyean Dotson\dotsoda01,SG,27,NYK,2,21,,.500,.667,.000,.500,,.500,.000,.250,,110,126,,95,,89,,62,,-0.2,-0.5
,,,,,,,,,,,,,,,,,,,,,,,,,,,
,,,,,,,,,,,,,,,,,,,,,,,,,,,
161,Devon Dotson\dotsode01,PG,22,CHI,11,85,,.478,.643,.222,.522,.556,.538,.391,.391,,105,122,64,99,72,96,163,98,,-0.2,-1.2
162,Sekou Doumbouya\doumbse01,PF,21,LAL,2,16,,.625,.667,.500,.688,.750,.717,.500,.250,,137,126,143,131,97,128,208,62,,2.6,3.1
163,Jeff Dowtin\dowtije01,PG,24,TOT,5,31,,.429,.600,.000,.429,,.429,.000,.286,,94,114,,81,,77,,71,,-1.4,-1.8
164,Jeff Dowtin\dowtije01,PG,24,GSW,4,28,,.500,.600,.000,.500,,.500,.000,.167,,110,114,,95,,89,,42,,-0.3,-0.7
165,Jeff Dowtin\dowtije01,PG,24,MIL,1,3,,.000,,.000,.000,,.000,.000,1.000,,,,,,,,,250,,-1.1,-1.1
166,PJ Dozier\doziepj01,SG,25,DEN,18,340,,.364,.412,.312,.439,.769,.463,.131,.485,,80,78,89,84,100,83,55,121,,-17.1,-20.2
167,Goran Dragić\dragigo01,PG,35,TOR,5,90,,.382,.450,.286,.441,1.000,.521,.294,.412,,84,85,82,84,129,93,122,103,,-5.8,-3.0
168,Andre Drummond\drumman01,C,28,PHI,49,902,,.538,.542,.000,.538,.512,.544,.345,.008,,118,103,,102,66,97,143,2,,5.7,-8.8
169,Chris Duarte\duartch01,SG,24,IND,50,1433,,.435,.485,.364,.510,.792,.540,.184,.416,,95,92,104,97,103,96,77,104,,-17.8,-24.7
170,David Duke Jr.\dukeda01,PG,22,BRK,17,289,,.366,.419,.258,.409,.842,.454,.204,.333,,80,80,74,78,109,81,85,83,,-21.8,-21.4
171,Kevin Durant\duranke01,PF,33,BRK,36,1313,,.520,.568,.372,.566,.894,.626,.350,.247,,114,108,107,108,116,112,145,62,,58.2,111.5
172,Jaime Echenique\echenja01,C,24,WAS,1,3,,,,,,,,,,,,,,,,,,,,.0,.0
173,Anthony Edwards\edwaran01,SG,20,MIN,51,1784,,.441,.513,.362,.527,.794,.559,.213,.479,,97,97,104,100,103,100,89,120,,2.5,-0.5
174,Kessler Edwards\edwarke02,SF,21,BRK,25,639,,.417,.488,.345,.503,.800,.513,.060,.500,,91,93,99,96,104,92,25,125,,-7.7,-16.0
175,Rob Edwards\edwarro01,SG,25,OKC,2,11,,.250,,.250,.375,,.375,.000,1.000,,55,,72,71,,67,,250,,-1.2,-1.5
176,CJ Elleby\ellebcj01,SF,21,POR,33,464,,.408,.486,.304,.473,.850,.504,.154,.431,,89,92,87,90,110,90,64,108,,-13.7,-15.3
177,Wayne Ellington\ellinwa01,SG,34,LAL,34,657,,.399,.471,.392,.577,.800,.580,.027,.907,,87,89,112,110,104,104,11,226,,18.5,7.7
178,Joel Embiid\embiijo01,C,27,PHI,44,1451,,.492,.523,.362,.527,.814,.607,.569,.190,,108,99,104,100,105,108,237,47,,1.6,100.5
179,James Ennis III\ennisja01,SF,31,TOT,7,56,,.458,.500,.375,.521,.800,.553,.208,.333,,101,95,107,99,104,99,87,83,,-0.2,-0.3
180,James Ennis III\ennisja01,SF,31,BRK,2,14,,.286,.200,.500,.357,,.357,.000,.286,,63,38,143,68,,64,,71,,-2.4,-2.8
,,,,,,,,,,,,,,,,,,,,,,,,,,,
,,,,,,,,,,,,,,,,,,,,,,,,,,,
181,James Ennis III\ennisja01,SF,31,LAC,2,28,,.636,.714,.500,.727,1.000,.784,.364,.364,,140,135,143,138,129,140,151,91,,4.4,5.7
182,James Ennis III\ennisja01,SF,31,DEN,3,14,,.333,.500,.000,.333,.000,.311,.167,.333,,73,95,,63,,55,69,83,,-2.3,-3.2
183,Drew Eubanks\eubandr01,C,24,SAS,49,595,,.528,.550,.125,.531,.747,.588,.497,.050,,116,104,36,101,97,105,207,13,,1.8,11.1
184,Tacko Fall\fallta01,C,26,CLE,11,59,,.417,.417,,.417,.286,.398,.583,.000,,91,79,,79,37,71,243,,,-2.6,-4.9
185,Derrick Favors\favorde01,C,30,OKC,36,604,,.506,.542,.133,.512,.636,.523,.129,.088,,111,103,38,97,82,93,54,22,,-4.8,-13.1
186,Bruno Fernando\fernabr01,C,23,BOS,20,58,,.500,.462,1.000,.536,.800,.586,.357,.071,,110,88,286,102,104,105,149,18,,.3,.9
187,Dorian Finney-Smith\finnedo01,PF,28,DAL,56,1833,,.435,.548,.360,.543,.682,.557,.139,.603,,95,104,103,103,88,99,58,151,,16.4,-3.0
188,Malik Fitts\fittsma01,PF,24,UTA,7,35,,.222,.000,.500,.333,,.333,.000,.444,,49,,143,63,,60,,111,,-3.5,-4.1
189,Malachi Flynn\flynnma01,PG,23,TOR,32,290,,.373,.440,.308,.451,.667,.462,.088,.510,,82,83,88,86,86,83,37,127,,-15.3,-20.6
190,Bryn Forbes\forbebr01,SG,28,TOT,53,927,,.426,.444,.409,.528,.898,.558,.145,.498,,94,84,117,100,116,100,60,124,,1.8,-1.7
191,Bryn Forbes\forbebr01,SG,28,SAS,40,676,,.432,.448,.417,.539,.898,.572,.166,.510,,95,85,119,102,116,102,69,127,,7.7,7.6
192,Bryn Forbes\forbebr01,SG,28,DEN,13,251,,.411,.433,.385,.500,.900,.520,.089,.464,,90,82,110,95,116,93,37,116,,-5.8,-9.3
193,Aleem Ford\fordal03,SF,24,ORL,5,74,,.300,.800,.133,.350,,.350,.000,.750,,66,152,38,67,,63,,187,,-7.0,-8.4
194,Trent Forrest\forretr01,PG,23,UTA,44,538,,.538,.598,.235,.558,.794,.601,.327,.163,,118,113,67,106,103,107,136,41,,6.6,9.9
195,Evan Fournier\fournev01,SG,29,NYK,55,1605,,.422,.466,.394,.542,.713,.555,.120,.608,,93,88,113,103,92,99,50,152,,21.4,-6.0
196,De'Aaron Fox\foxde01,PG,24,SAC,46,1578,,.461,.514,.263,.489,.752,.536,.337,.213,,101,98,75,93,97,96,140,53,,-59.5,-43.5
197,Tim Frazier\fraziti01,PG,31,ORL,10,200,,.302,.269,.353,.372,.556,.394,.209,.395,,66,51,101,71,72,70,87,99,,-13.2,-15.6
198,Wenyen Gabriel\gabriwe01,PF,24,TOT,7,47,,.385,.375,.400,.462,.500,.474,.308,.385,,84,71,115,88,65,85,128,96,,-1.7,-2.5
199,Wenyen Gabriel\gabriwe01,PF,24,BRK,1,1,,,,,,,,,,,,,,,,,,,,.0,.0
200,Wenyen Gabriel\gabriwe01,PF,24,LAC,6,46,,.385,.375,.400,.462,.500,.474,.308,.385,,84,71,115,88,65,85,128,96,,-1.7,-2.5
,,,,,,,,,,,,,,,,,,,,,,,,,,,
,,,,,,,,,,,,,,,,,,,,,,,,,,,
201,Daniel Gafford\gaffoda01,C,23,WAS,48,988,,.678,.678,,.678,.756,.700,.322,.000,,149,129,,129,98,125,134,,,81.2,85.8
202,Danilo Gallinari\gallida01,PF,33,ATL,45,1042,,.415,.441,.391,.516,.918,.580,.315,.513,,91,84,112,98,119,104,131,128,,-7.1,16.2
203,Langston Galloway\gallola01,SG,30,TOT,7,107,,.231,.400,.125,.269,,.269,.000,.615,,51,76,36,51,,48,,154,,-13.3,-15.1
204,Langston Galloway\gallola01,SG,30,BRK,4,58,,.385,.600,.250,.462,,.462,.000,.615,,84,114,72,88,,82,,154,,-1.7,-2.5
205,Langston Galloway\gallola01,SG,30,MIL,3,49,,.077,.200,.000,.077,,.077,.000,.615,,17,38,,15,,14,,154,,-11.7,-12.5
206,Darius Garland\garlada01,PG,22,CLE,46,1591,,.474,.544,.377,.553,.909,.582,.148,.417,,104,103,108,105,118,104,61,104,,40.4,36.1
207,Marcus Garrett\garrema01,SG,23,MIA,12,128,,.238,.235,.250,.262,.400,.280,.238,.190,,52,45,72,50,52,50,99,48,,-11.1,-13.0
208,Usman Garuba\garubus01,PF,19,HOU,15,105,,.333,.545,.154,.375,.500,.382,.083,.542,,73,103,44,71,65,68,35,135,,-7.2,-8.8
209,Luka Garza\garzalu01,C,23,DET,29,340,,.444,.494,.341,.500,.643,.530,.339,.331,,97,94,98,95,83,95,141,83,,-6.4,-8.5
210,Rudy Gay\gayru01,PF,35,UTA,35,699,,.418,.518,.340,.514,.790,.551,.242,.562,,92,98,97,98,102,98,101,140,,-6.3,-5.1
211,Paul George\georgpa01,SF,31,LAC,26,924,,.421,.484,.323,.484,.880,.528,.210,.390,,92,92,92,92,114,94,88,97,,-46.8,-38.9
212,Taj Gibson\gibsota01,C,36,NYK,37,674,,.533,.571,.381,.571,.758,.607,.314,.200,,117,108,109,109,98,108,131,50,,9.6,11.2
213,Josh Giddey\giddejo01,SG,19,OKC,51,1591,,.415,.492,.257,.457,.722,.475,.117,.328,,91,93,74,87,93,85,49,82,,-84.9,-109.8
214,Shai Gilgeous-Alexander\gilgesh01,PG,23,OKC,43,1487,,.424,.488,.278,.466,.811,.531,.377,.306,,93,93,80,89,105,95,157,76,,-93.9,-52.2
215,Anthony Gill\gillan01,PF,29,WAS,23,166,,.676,.690,.625,.743,.714,.757,.568,.216,,148,131,179,141,92,135,236,54,,16.1,18.2
216,Freddie Gillespie\gillefr01,PF,24,ORL,9,119,,.409,.429,.000,.409,.429,.419,.318,.045,,90,81,,78,55,75,132,11,,-5.1,-7.1
217,Rudy Gobert\goberru01,C,29,UTA,42,1364,,.707,.712,.000,.707,.690,.728,.848,.006,,155,135,,135,89,130,353,1,,121.6,155.2
218,Brandon Goodwin\goodwbr01,PG,26,CLE,16,254,,.388,.396,.375,.459,.500,.466,.165,.376,,85,75,107,87,65,83,68,94,,-11.4,-17.0
219,Jordan Goodwin\goodwjo01,SG,23,WAS,2,6,,.000,.000,.000,.000,,.000,.000,.333,,,,,,,,,83,,-3.2,-3.4
220,Aaron Gordon\gordoaa01,PF,26,DEN,51,1621,,.519,.607,.333,.573,.735,.601,.271,.323,,114,115,95,109,95,107,113,81,,52.1,51.2
,,,,,,,,,,,,,,,,,,,,,,,,,,,
,,,,,,,,,,,,,,,,,,,,,,,,,,,
221,Eric Gordon\gordoer01,SG,33,HOU,45,1326,,.491,.558,.427,.600,.757,.626,.251,.511,,108,106,122,114,98,112,104,128,,68.3,67.8
222,Devonte' Graham\grahade01,PG,26,NOP,52,1615,,.361,.394,.345,.478,.845,.510,.162,.680,,79,75,99,91,109,91,67,170,,-60.9,-67.4
223,Jerami Grant\grantje01,PF,27,DET,31,1001,,.411,.457,.321,.465,.835,.533,.371,.341,,90,87,92,88,108,95,154,85,,-57.6,-29.3
224,Hassani Gravett\graveha01,PG,25,ORL,8,171,,.474,.583,.423,.618,.750,.629,.105,.684,,104,111,121,118,97,112,44,171,,7.0,5.5
225,Danny Green\greenda02,SF,34,PHI,38,888,,.407,.514,.385,.568,.900,.577,.047,.836,,89,98,110,108,116,103,19,209,,17.9,7.6
226,Draymond Green\greendr01,PF,31,GSW,34,1018,,.537,.604,.286,.567,.597,.581,.333,.209,,118,115,82,108,77,104,139,52,,16.6,10.0
227,JaMychal Green\greenja01,PF,31,DEN,43,636,,.453,.608,.255,.509,.860,.558,.266,.439,,99,115,73,97,111,100,111,110,,-7.1,-0.6
228,Javonte Green\greenja02,SF,28,CHI,40,953,,.541,.628,.316,.585,.819,.632,.351,.278,,119,119,90,111,106,113,146,69,,24.4,34.1
229,Jalen Green\greenja05,SG,19,HOU,40,1213,,.381,.462,.295,.452,.828,.507,.288,.484,,84,88,84,86,107,91,120,121,,-74.1,-59.5
230,Jeff Green\greenje02,C,35,DEN,52,1280,,.511,.597,.328,.563,.828,.614,.353,.321,,112,113,94,107,107,110,147,80,,28.3,47.7
231,Josh Green\greenjo02,SG,21,DAL,42,588,,.507,.570,.294,.541,.714,.566,.236,.230,,111,108,84,103,92,101,98,57,,4.3,2.1
232,Blake Griffin\griffbl01,PF,32,BRK,45,847,,.416,.568,.230,.468,.735,.503,.242,.448,,91,108,66,89,95,90,101,112,,-32.6,-35.0
233,Quentin Grimes\grimequ01,SG,21,NYK,37,624,,.419,.500,.399,.578,.647,.584,.091,.796,,92,95,114,110,84,104,38,199,,19.4,9.5
234,Kyle Guy\guyky01,SG,24,MIA,15,175,,.433,.480,.400,.550,.700,.567,.167,.583,,95,91,115,105,91,101,69,146,,2.9,.9
235,Rui Hachimura\hachiru01,PF,23,WAS,16,293,,.451,.456,.441,.518,.773,.546,.195,.301,,99,86,126,98,100,98,81,75,,-1.9,-3.3
236,Tyrese Haliburton\halibty01,SG-PG,21,TOT,53,1837,,.462,.493,.422,.554,.841,.583,.174,.439,,101,93,121,105,109,104,72,110,,35.1,31.0
237,Tyrese Haliburton\halibty01,SG,21,SAC,51,1757,,.457,.491,.413,.546,.837,.575,.177,.430,,100,93,118,104,108,103,74,107,,23.6,19.9
238,Tyrese Haliburton\halibty01,PG,21,IND,2,80,,.552,.545,.556,.724,1.000,.742,.103,.621,,121,103,159,138,129,133,43,155,,11.5,11.1
239,Tyler Hall\hallty01,SG,24,NYK,1,2,,,,,,,,,,,,,,,,,,,,.0,.0
240,R.J. Hampton\hamptrj01,SG,20,ORL,42,815,,.382,.393,.364,.452,.608,.478,.282,.382,,84,75,104,86,79,85,117,95,,-41.5,-51.3
,,,,,,,,,,,,,,,,,,,,,,,,,,,
,,,,,,,,,,,,,,,,,,,,,,,,,,,
241,Tim Hardaway Jr.\hardati02,SG,29,DAL,42,1245,,.394,.473,.336,.491,.757,.520,.194,.574,,86,90,96,93,98,93,81,143,,-37.5,-45.9
242,James Harden\hardeja01,PG,32,BRK,44,1627,,.414,.476,.332,.486,.869,.576,.496,.435,,91,90,95,92,112,103,206,109,,-56.6,27.5
243,Maurice Harkless\harklma01,SF,28,SAC,39,767,,.461,.644,.319,.551,.731,.569,.156,.563,,101,122,91,105,95,102,65,141,,8.3,3.3
244,Jared Harper\harpeja01,PG,24,NOP,2,10,,.429,.400,.500,.500,,.500,.000,.286,,94,76,143,95,,89,,71,,-0.4,-0.8
245,Montrezl Harrell\harremo01,C,28,TOT,48,1168,,.652,.668,.267,.657,.712,.687,.547,.037,,143,127,76,125,92,123,228,9,,105.3,126.5
246,Montrezl Harrell\harremo01,C,28,WAS,46,1117,,.645,.660,.267,.650,.727,.684,.535,.039,,141,125,76,124,94,122,223,10,,95.1,117.4
247,Montrezl Harrell\harremo01,C,28,CHO,2,51,,.824,.824,,.824,.500,.756,.824,.000,,181,156,,157,65,135,342,,,10.1,9.1
248,Gary Harris\harriga01,SG,27,ORL,50,1471,,.440,.504,.381,.540,.846,.568,.167,.521,,97,96,109,103,110,102,69,130,,12.7,8.8
249,Joe Harris\harrijo01,SF,30,BRK,14,423,,.452,.417,.466,.617,.833,.624,.048,.710,,99,79,133,117,108,111,20,177,,22.6,16.3
250,Shaquille Harrison\harrish01,SG,28,BRK,2,23,,.333,.500,.000,.333,,.333,.000,.333,,73,95,,63,,60,,83,,-2.3,-2.7
251,Tobias Harris\harrito02,PF,29,PHI,47,1664,,.487,.526,.354,.527,.848,.568,.232,.227,,107,100,101,100,110,101,97,57,,2.2,13.1
252,Isaiah Hartenstein\harteis01,C,23,LAC,44,695,,.619,.623,.500,.626,.681,.645,.330,.028,,136,118,143,119,88,115,137,7,,43.7,42.6
253,Josh Hart\hartjo01,SG-PF,26,TOT,42,1411,,.508,.599,.331,.564,.753,.608,.407,.342,,111,114,95,107,97,109,169,85,,30.4,45.8
254,Josh Hart\hartjo01,PF,26,NOP,41,1374,,.505,.598,.323,.560,.753,.604,.399,.337,,111,113,93,106,97,108,166,84,,26.0,40.1
255,Josh Hart\hartjo01,SG,26,POR,1,37,,.583,.667,.500,.708,.750,.741,.667,.500,,128,126,143,135,97,132,277,125,,4.4,5.6
256,Udonis Haslem\hasleud01,C,41,MIA,9,57,,.500,.500,.500,.523,1.000,.557,.136,.091,,110,95,143,99,129,100,57,23,,-0.1,-0.1
257,Sam Hauser\hausesa01,SF,24,BOS,10,41,,.286,,.286,.429,,.429,.000,1.000,,63,,82,81,,77,,250,,-2.7,-3.7
258,Jaxson Hayes\hayesja02,C,21,NOP,44,725,,.630,.679,.269,.646,.776,.688,.495,.120,,138,129,77,123,100,123,206,30,,51.8,67.6
259,Killian Hayes\hayeski01,PG,20,DET,44,1093,,.368,.428,.277,.423,.816,.458,.172,.393,,81,81,79,80,106,82,71,98,,-58.8,-62.1
260,Gordon Hayward\haywago01,SF,31,CHO,48,1547,,.460,.499,.390,.529,.846,.571,.244,.357,,101,95,112,101,109,102,101,89,,4.3,15.8
,,,,,,,,,,,,,,,,,,,,,,,,,,,
,,,,,,,,,,,,,,,,,,,,,,,,,,,
261,Aaron Henry\henryaa01,SF,22,PHI,6,17,,.200,.250,.000,.200,,.200,.000,.200,,44,47,,38,,36,,50,,-3.3,-3.6
262,Juancho Hernangómez\hernaju01,PF,26,TOT,24,148,,.212,.333,.143,.258,.692,.336,.394,.636,,47,63,41,49,90,60,164,159,,-17.7,-17.3
263,Juancho Hernangómez\hernaju01,PF,26,BOS,18,96,,.185,.222,.167,.241,.667,.307,.333,.667,,41,42,48,46,86,55,139,166,,-15.4,-15.7
264,Juancho Hernangómez\hernaju01,PF,26,SAS,5,51,,.333,.667,.000,.333,.750,.451,.667,.500,,73,126,,63,97,81,277,125,,-2.3,-1.7
265,Juancho Hernangómez\hernaju01,PF,26,UTA,1,1,,,,,,,,,,,,,,,,,,,,.0,.0
266,Willy Hernangómez\hernawi01,C,27,NOP,29,480,,.529,.533,.429,.537,.741,.586,.433,.037,,116,101,123,102,96,105,180,9,,4.3,11.8
267,Tyler Herro\herroty01,SG,22,MIA,46,1504,,.427,.461,.374,.500,.879,.536,.177,.389,,94,87,107,95,114,96,74,97,,-41.3,-40.3
268,Buddy Hield\hieldbu01,SG,29,TOT,57,1654,,.380,.427,.361,.508,.860,.533,.128,.711,,83,81,103,97,111,95,53,177,,-25.8,-40.7
269,Buddy Hield\hieldbu01,SG,29,SAC,55,1574,,.382,.419,.368,.514,.870,.540,.133,.714,,84,79,105,98,113,96,55,178,,-16.9,-28.9
270,Buddy Hield\hieldbu01,SG,29,IND,2,80,,.333,.538,.217,.403,.000,.398,.028,.639,,73,102,62,77,,71,12,159,,-8.9,-11.8
271,Haywood Highsmith\highsha01,SF,25,MIA,4,42,,.500,.000,.571,.750,,.750,.000,.875,,110,,164,143,,134,,218,,3.6,3.0
272,George Hill\hillge01,SG,35,MIL,41,1044,,.436,.556,.316,.515,.960,.564,.214,.500,,96,105,91,98,124,101,89,125,,-5.1,2.5
273,Malcolm Hill\hillma01,SF-SG,26,TOT,16,196,,.479,.667,.394,.615,.786,.646,.292,.688,,105,126,113,117,102,115,121,172,,8.5,9.4
274,Malcolm Hill\hillma01,SG,26,ATL,3,46,,.625,.667,.600,.812,1.000,.871,.500,.625,,137,126,172,154,129,156,208,156,,4.6,6.1
275,Malcolm Hill\hillma01,SF,26,CHI,13,150,,.450,.667,.357,.575,.700,.597,.250,.700,,99,126,102,109,91,107,104,175,,3.9,3.3
276,Solomon Hill\hillso01,PF,30,ATL,13,139,,.150,.143,.154,.200,,.200,.000,.650,,33,27,44,38,,36,,162,,-13.0,-14.4
277,Nate Hinton\hintona01,SG,22,IND,2,2,,.000,.000,,.000,,.000,.000,.000,,,,,,,,,,,-1.1,-1.1
278,Jaylen Hoard\hoardja01,SF,22,OKC,1,2,,.000,.000,,.000,,.000,.000,.000,,,,,,,,,,,-1.1,-1.1
279,Aaron Holiday\holidaa01,PG,25,TOT,42,672,,.475,.530,.357,.532,.800,.557,.160,.320,,104,101,102,101,104,99,66,80,,2.6,-1.3
280,Aaron Holiday\holidaa01,PG,25,WAS,41,663,,.467,.524,.343,.521,.800,.547,.164,.313,,102,99,98,99,104,98,68,78,,-2.1,-5.7
,,,,,,,,,,,,,,,,,,,,,,,,,,,
,,,,,,,,,,,,,,,,,,,,,,,,,,,
281,Aaron Holiday\holidaa01,PG,25,PHO,1,9,,.800,1.000,.667,1.000,,1.000,.000,.600,,175,190,191,190,,179,,150,,4.7,4.4
282,Jrue Holiday\holidjr01,PG,31,MIL,44,1442,,.505,.553,.402,.569,.769,.590,.167,.319,,111,105,115,108,100,105,69,80,,53.6,40.4
283,Justin Holiday\holidju01,SG-SF,32,TOT,51,1476,,.411,.504,.376,.548,.837,.564,.090,.730,,90,96,108,104,108,101,37,182,,21.3,4.0
284,Justin Holiday\holidju01,SF,32,IND,49,1416,,.415,.516,.378,.553,.829,.568,.090,.734,,91,98,108,105,107,102,37,183,,25.3,8.2
285,Justin Holiday\holidju01,SG,32,SAC,2,60,,.316,.286,.333,.421,1.000,.453,.105,.632,,69,54,95,80,129,81,44,158,,-4.0,-4.2
286,Richaun Holmes\holmeri01,C,28,SAC,39,980,,.684,.689,.400,.687,.770,.710,.316,.018,,150,131,115,131,100,127,132,5,,88.7,94.4
287,Rodney Hood\hoodro01,SF,29,MIL,39,581,,.351,.431,.300,.443,.929,.470,.107,.611,,77,82,86,84,120,84,44,152,,-21.8,-24.5
288,Scotty Hopson\hopsosc01,SG,32,OKC,1,18,,.500,.667,.000,.500,,.500,.000,.250,,110,126,,95,,89,,62,,-0.2,-0.5
289,Al Horford\horfoal01,C,35,BOS,49,1388,,.438,.558,.299,.507,.844,.541,.184,.464,,96,106,86,96,109,97,77,116,,-15.7,-16.7
290,Talen Horton-Tucker\hortota01,SG,21,LAL,41,1057,,.414,.483,.282,.463,.808,.502,.217,.344,,91,92,81,88,105,90,90,86,,-45.7,-45.3
291,Danuel House Jr.\houseda01,SF,28,TOT,24,371,,.386,.436,.339,.474,.818,.525,.289,.518,,85,83,97,90,106,94,120,129,,-11.9,-8.8
292,Danuel House Jr.\houseda01,SF,28,HOU,16,233,,.338,.375,.294,.405,.895,.467,.257,.459,,74,71,84,77,116,84,107,115,,-17.8,-15.2
293,Danuel House Jr.\houseda01,SF,28,NYK,1,3,,.000,,.000,.000,,.000,.000,1.000,,,,,,,,,250,,-1.1,-1.1
294,Danuel House Jr.\houseda01,SF,28,UTA,7,135,,.487,.600,.417,.615,.714,.642,.359,.615,,107,114,119,117,92,115,149,154,,7.0,7.5
295,Dwight Howard\howardw01,C,36,LAL,41,594,,.621,.617,.667,.645,.612,.657,.685,.073,,136,117,191,123,79,117,285,18,,29.6,31.4
296,Markus Howard\howarma02,SG,22,DEN,22,134,,.370,.200,.434,.527,.929,.568,.192,.726,,81,38,124,100,120,102,80,181,,.2,1.4
297,Kevin Huerter\huertke01,SG,23,ATL,49,1424,,.459,.553,.369,.554,.800,.565,.072,.514,,101,105,106,105,104,101,30,128,,26.9,5.1
298,Jay Huff\huffja01,C,23,LAL,4,20,,.000,.000,.000,.000,,.000,.000,.667,,,,,,,,,166,,-3.2,-3.4
299,Elijah Hughes\hugheel01,SF-SG,23,TOT,15,123,,.405,.667,.333,.536,1.000,.554,.071,.786,,89,126,95,102,129,99,30,196,,.8,-0.5
300,Elijah Hughes\hugheel01,SF,23,UTA,14,112,,.417,.625,.357,.556,1.000,.576,.083,.778,,91,119,102,106,129,103,35,194,,2.1,1.2
,,,,,,,,,,,,,,,,,,,,,,,,,,,
,,,,,,,,,,,,,,,,,,,,,,,,,,,
301,Elijah Hughes\hugheel01,SG,23,POR,1,11,,.333,1.000,.200,.417,,.417,.000,.833,,73,190,57,79,,74,,208,,-1.3,-1.7
302,De'Andre Hunter\huntede01,SF,24,ATL,28,811,,.442,.472,.382,.507,.701,.536,.256,.339,,97,90,109,96,91,96,106,85,,-11.6,-15.8
303,Chandler Hutchison\hutchch01,SF,25,PHO,6,22,,.500,.500,,.500,1.000,.694,1.000,.000,,110,95,,95,129,124,416,,,-0.1,.8
304,Bones Hyland\hylanbo01,PG,21,DEN,44,784,,.370,.410,.346,.477,.891,.512,.157,.618,,81,78,99,91,115,91,65,154,,-34.2,-35.9
305,Serge Ibaka\ibakase01,C,32,LAC,35,538,,.490,.538,.387,.552,.690,.567,.151,.323,,107,102,111,105,89,101,63,81,,10.0,2.8
306,Andre Iguodala\iguodan01,SF,38,GSW,26,518,,.392,.634,.230,.461,.812,.491,.157,.598,,86,120,66,88,105,88,65,149,,-13.3,-15.0
307,Joe Ingles\inglejo01,SF,34,UTA,45,1122,,.404,.617,.347,.540,.773,.551,.077,.789,,88,117,99,103,100,99,32,197,,8.2,-4.8
308,Brandon Ingram\ingrabr01,SF,24,NOP,42,1448,,.451,.486,.344,.494,.821,.545,.304,.245,,99,92,98,94,106,97,126,61,,-50.0,-25.1
309,Kyrie Irving\irvinky01,PG,29,BRK,14,507,,.452,.495,.368,.514,.925,.555,.189,.338,,99,94,105,98,120,99,78,84,,-6.6,-2.6
310,Wes Iwundu\iwundwe01,SF,27,ATL,3,82,,.444,.385,.600,.528,.750,.557,.222,.278,,97,73,172,100,97,99,92,69,,.1,-0.1
311,Frank Jackson\jacksfr01,PG,23,DET,43,968,,.410,.543,.319,.505,.795,.536,.194,.592,,90,103,91,96,103,96,81,148,,-16.8,-20.3
312,Isaiah Jackson\jacksis01,PF,20,IND,20,193,,.542,.553,.429,.560,.667,.590,.398,.084,,119,105,123,107,86,105,165,21,,5.7,5.9
313,Jaren Jackson Jr.\jacksja02,PF,22,MEM,57,1591,,.418,.483,.322,.483,.803,.537,.326,.399,,92,92,92,92,104,96,136,100,,-67.4,-40.9
314,Josh Jackson\jacksjo02,SF,24,DET,39,707,,.410,.529,.265,.470,.714,.501,.223,.450,,90,100,76,89,92,89,93,112,,-28.0,-32.5
315,Justin Jackson\jacksju01,SF,26,TOT,7,37,,.333,.333,.333,.433,1.000,.472,.133,.600,,73,63,95,82,129,84,55,150,,-2.8,-2.8
316,Justin Jackson\jacksju01,SF,26,BOS,1,2,,.000,.000,,.000,1.000,.532,2.000,.000,,,,,,129,95,832,,,-1.1,-0.1
317,Justin Jackson\jacksju01,SF,26,PHO,6,35,,.357,.400,.333,.464,,.464,.000,.643,,78,76,95,88,,83,,160,,-1.7,-2.7
318,Reggie Jackson\jacksre01,SG,31,LAC,54,1659,,.397,.451,.330,.471,.835,.497,.135,.444,,87,86,94,89,108,89,56,111,,-94.2,-112.3
319,LeBron James\jamesle01,SF,37,LAL,40,1469,,.520,.619,.352,.585,.746,.613,.270,.373,,114,117,101,111,97,110,112,93,,100.2,101.0
320,DeJon Jarreau\jarrede01,SG,24,IND,1,1,,,,,,,,,,,,,,,,,,,,.0,.0
,,,,,,,,,,,,,,,,,,,,,,,,,,,
,,,,,,,,,,,,,,,,,,,,,,,,,,,
321,DaQuan Jeffries\jeffrda01,SG,24,MEM,3,9,,.500,1.000,.000,.500,,.500,.000,.500,,110,190,,95,,89,,125,,-0.1,-0.2
322,Ty Jerome\jeromty01,SG,24,OKC,47,782,,.374,.496,.280,.453,.837,.481,.134,.567,,82,94,80,86,108,86,56,142,,-46.6,-53.4
323,Isaiah Joe\joeis01,SG,22,PHI,40,493,,.355,.438,.330,.482,.952,.520,.152,.768,,78,83,95,92,123,93,63,192,,-12.2,-11.8
324,Alize Johnson\johnsal02,PF,25,TOT,19,139,,.483,.560,.000,.483,.500,.492,.276,.138,,106,106,,92,65,88,115,34,,-2.5,-4.4
325,Alize Johnson\johnsal02,PF,25,CHI,16,121,,.522,.571,.000,.522,.571,.537,.304,.087,,114,108,,99,74,96,127,22,,-0.2,-1.2
326,Alize Johnson\johnsal02,PF,25,WAS,3,18,,.333,.500,.000,.333,.000,.311,.167,.333,,73,95,,63,,55,69,83,,-2.3,-3.2
327,B.J. Johnson\johnsbj01,SF,26,ORL,4,65,,.440,.467,.400,.520,,.520,.000,.400,,96,89,115,99,,93,,100,,-0.3,-2.0
328,Cameron Johnson\johnsca02,PF,25,PHO,53,1379,,.461,.515,.431,.599,.851,.623,.156,.643,,101,98,123,114,110,111,65,160,,69.5,64.2
329,David Johnson\johnsda08,SG,20,TOR,2,2,,.000,,.000,.000,,.000,.000,1.000,,,,,,,,,250,,-1.1,-1.1
330,James Johnson\johnsja01,PF,34,BRK,41,778,,.488,.556,.275,.521,.444,.520,.171,.242,,107,105,79,99,58,93,71,60,,-1.9,-17.9
331,Jalen Johnson\johnsja05,PF,20,ATL,13,58,,.474,.500,.429,.553,.667,.578,.316,.368,,104,95,123,105,86,103,131,92,,1.0,.8
332,Joe Johnson\johnsjo02,SG,40,BOS,1,2,,1.000,1.000,,1.000,,1.000,.000,.000,,219,190,,190,,179,,,,.9,.9
333,Keldon Johnson\johnske04,SF,22,SAS,53,1653,,.469,.490,.432,.548,.727,.572,.216,.365,,103,93,124,104,94,102,90,91,,28.7,17.8
334,Keon Johnson\johnske07,SG,19,LAC,15,135,,.333,.350,.273,.363,.762,.440,.412,.216,,73,66,78,69,99,79,171,54,,-16.6,-14.4
335,Stanley Johnson\johnsst04,PF,25,LAL,23,509,,.487,.612,.320,.556,.677,.578,.265,.427,,107,116,92,106,88,103,110,107,,6.9,4.8
336,Tyler Johnson\johnsty01,PG,29,TOT,6,91,,.300,.143,.385,.425,,.425,.000,.650,,66,27,110,81,,76,,162,,-4.0,-5.4
337,Tyler Johnson\johnsty01,PG,29,PHI,3,38,,.400,.333,.429,.550,,.550,.000,.700,,88,63,123,105,,98,,175,,.5,-0.2
338,Tyler Johnson\johnsty01,PG,29,SAS,3,53,,.200,.000,.333,.300,,.300,.000,.600,,44,,95,57,,54,,150,,-4.5,-5.2
339,Nikola Jokić\jokicni01,C,26,DEN,50,1649,,.576,.644,.368,.621,.811,.659,.327,.248,,126,122,105,118,105,118,136,62,,163.6,195.1
340,Carlik Jones\jonesca03,PG,24,TOT,5,23,,.111,.125,.000,.111,1.000,.202,.222,.111,,24,24,,21,129,36,92,28,,-7.5,-7.1
,,,,,,,,,,,,,,,,,,,,,,,,,,,
,,,,,,,,,,,,,,,,,,,,,,,,,,,
341,Carlik Jones\jonesca03,PG,24,DAL,3,19,,.000,.000,.000,.000,1.000,.127,.286,.143,,,,,,129,23,119,36,,-7.4,-6.8
342,Carlik Jones\jonesca03,PG,24,DEN,2,4,,.500,.500,,.500,,.500,.000,.000,,110,95,,95,,89,,,,-0.1,-0.2
343,Damian Jones\jonesda03,C,26,SAC,37,564,,.638,.669,.357,.656,.727,.685,.468,.099,,140,127,102,125,94,122,195,25,,36.7,42.7
344,Derrick Jones Jr.\jonesde02,PF,24,CHI,32,556,,.567,.640,.395,.626,.833,.672,.378,.299,,124,121,113,119,108,120,157,75,,25.4,33.2
345,Herbert Jones\joneshe01,PF,23,NOP,53,1587,,.497,.546,.363,.546,.848,.590,.273,.266,,109,104,104,104,110,106,114,66,,15.1,26.5
346,Jemerrio Jones\jonesje01,SF,26,LAL,2,15,,.667,.667,,.667,,.667,.000,.000,,146,126,,127,,119,,,,.8,.6
347,Kai Jones\joneska01,C,21,CHO,17,48,,.636,.667,.500,.682,.250,.627,.364,.182,,140,126,143,130,32,112,151,45,,3.4,1.7
348,Mason Jones\jonesma05,SG,23,LAL,2,9,,.250,.333,.000,.250,.500,.282,.250,.250,,55,63,,48,65,50,104,62,,-4.4,-4.9
349,Tre Jones\jonestr01,PG,22,SAS,45,607,,.506,.550,.150,.514,.878,.558,.228,.111,,111,104,43,98,114,100,95,28,,-4.3,-0.6
350,Tyus Jones\jonesty01,PG,25,MEM,51,1047,,.454,.509,.357,.519,.875,.541,.114,.360,,100,97,102,99,113,97,48,90,,-5.1,-13.4
351,DeAndre Jordan\jordade01,C,33,LAL,31,399,,.670,.670,,.670,.480,.657,.284,.000,,147,127,,127,62,117,118,,,25.4,19.2
352,Cory Joseph\josepco01,PG,30,DET,45,1082,,.450,.466,.425,.530,.848,.578,.280,.376,,99,88,122,101,110,103,117,94,,2.4,11.5
353,Georgios Kalaitzakis\kalaige01,SF,23,MIL,9,48,,.455,.429,.500,.545,.444,.535,.818,.364,,100,81,143,104,58,96,340,91,,.4,-0.7
354,Frank Kaminsky\kaminfr01,C,28,PHO,9,181,,.545,.608,.333,.583,.900,.635,.303,.227,,120,115,95,111,116,113,126,57,,7.6,11.3
355,Enes Freedom\kanteen01,C,29,BOS,35,411,,.526,.533,.400,.536,.857,.585,.289,.052,,115,101,115,102,111,105,120,13,,2.0,5.6
356,Luke Kennard\kennalu01,SG,25,LAC,48,1341,,.438,.455,.430,.582,.882,.603,.116,.669,,96,86,123,111,114,108,48,167,,49.3,39.7
357,Braxton Key\keybr01,SF,24,PHI,2,6,,.500,1.000,.000,.500,,.500,.000,.500,,110,190,,95,,89,,125,,-0.1,-0.2
358,George King\kingge03,SF,28,DAL,4,19,,.000,.000,.000,.000,.500,.085,.400,.800,,,,,,65,15,166,200,,-5.3,-5.6
359,Louis King\kinglo02,SF,22,SAC,10,104,,.319,.350,.296,.404,.700,.438,.213,.574,,70,66,85,77,91,78,88,143,,-11.4,-12.5
360,Corey Kispert\kispeco01,SF,22,WAS,50,955,,.423,.568,.317,.514,.884,.545,.154,.577,,93,108,91,98,114,97,64,144,,-6.5,-8.4
,,,,,,,,,,,,,,,,,,,,,,,,,,,
,,,,,,,,,,,,,,,,,,,,,,,,,,,
361,Maxi Kleber\klebima01,PF,30,DAL,40,1001,,.421,.581,.365,.556,.778,.577,.150,.742,,92,110,105,106,101,103,62,185,,14.6,8.7
362,Brandon Knight\knighbr03,PG,30,DAL,3,54,,.450,.714,.308,.550,1.000,.638,.400,.650,,99,135,88,105,129,114,166,162,,1.0,3.7
363,Nathan Knight\knighna01,PF,24,MIN,28,194,,.482,.521,.250,.500,.711,.580,.804,.143,,106,99,72,95,92,104,334,36,,-2.9,3.2
364,Kevin Knox\knoxke01,SF,22,TOT,20,157,,.375,.556,.289,.473,.700,.497,.179,.679,,82,105,83,90,91,89,74,169,,-5.9,-7.6
365,Kevin Knox\knoxke01,SF,22,NYK,13,111,,.375,.417,.357,.500,.700,.529,.250,.700,,82,79,102,95,91,95,104,175,,-2.1,-2.7
366,Kevin Knox\knoxke01,SF,22,ATL,7,46,,.375,.833,.100,.406,,.406,.000,.625,,82,158,29,77,,73,,156,,-3.8,-4.9
367,John Konchar\konchjo01,SG,25,MEM,50,925,,.500,.576,.422,.604,.606,.611,.181,.495,,110,109,121,115,78,109,75,123,,28.6,20.1
368,Furkan Korkmaz\korkmfu01,SG,24,PHI,49,1175,,.393,.520,.289,.472,.833,.507,.181,.549,,86,99,83,90,108,91,75,137,,-42.6,-44.8
369,Luke Kornet\kornelu01,C,26,TOT,3,18,,.167,.200,.000,.167,.667,.273,.500,.167,,37,38,,32,86,49,208,42,,-4.3,-4.2
370,Luke Kornet\kornelu01,C,26,CLE,2,15,,.200,.250,.000,.200,.667,.316,.600,.200,,44,47,,38,86,57,250,50,,-3.3,-3.1
371,Luke Kornet\kornelu01,C,26,MIL,1,3,,.000,.000,,.000,,.000,.000,.000,,,,,,,,,,,-1.1,-1.1
372,Vit Krejci\krejcvi01,SG,21,OKC,4,18,,.400,1.000,.000,.400,1.000,.510,.400,.600,,88,190,,76,129,91,166,150,,-1.3,-0.6
373,Arnoldas Kulboka\kulboar01,SF,24,CHO,1,3,,,,,,,,,,,,,,,,,,,,.0,.0
374,Jonathan Kuminga\kuminjo01,SF,19,GSW,45,631,,.504,.596,.313,.555,.648,.584,.425,.327,,111,113,90,106,84,104,177,82,,14.8,14.5
375,Kyle Kuzma\kuzmaky01,PF,26,WAS,52,1719,,.455,.542,.332,.524,.698,.550,.244,.413,,100,103,95,100,90,98,102,103,,-2.9,-14.7
376,Anthony Lamb\lamban01,SF,24,SAS,2,8,,.000,,.000,.000,,.000,.000,1.000,,,,,,,,,250,,-2.1,-2.2
377,Jeremy Lamb\lambje01,SG-SF,29,TOT,40,644,,.372,.412,.336,.460,.843,.526,.347,.523,,82,78,96,88,109,94,144,131,,-31.4,-18.4
378,Jeremy Lamb\lambje01,SF,29,IND,39,613,,.373,.414,.333,.458,.838,.524,.351,.513,,82,79,95,87,108,94,146,128,,-30.8,-18.6
379,Jeremy Lamb\lambje01,SG,29,SAC,1,31,,.364,.333,.375,.500,1.000,.568,.273,.727,,80,63,107,95,129,102,113,182,,-0.6,.2
380,Jock Landale\landajo01,C,26,SAS,36,366,,.488,.597,.351,.566,.840,.596,.194,.442,,107,113,100,108,109,107,81,110,,10.3,10.3
,,,,,,,,,,,,,,,,,,,,,,,,,,,
,,,,,,,,,,,,,,,,,,,,,,,,,,,
381,Romeo Langford\langfro01,SG,22,BOS,44,728,,.429,.495,.349,.508,.588,.520,.185,.451,,94,94,100,97,76,93,77,113,,-6.5,-15.7
382,Zach LaVine\lavinza01,SF,26,CHI,47,1624,,.482,.536,.399,.561,.869,.606,.268,.396,,106,102,114,107,112,108,112,99,,59.8,88.5
383,Jake Layman\laymaja01,SF,27,MIN,23,169,,.367,.609,.154,.408,.750,.438,.163,.531,,81,115,44,78,97,78,68,132,,-11.5,-12.8
384,Damion Lee\leeda03,SG,29,GSW,46,934,,.455,.538,.376,.551,.851,.579,.161,.510,,100,102,108,105,110,103,67,127,,14.9,12.0
385,Saben Lee\leesa01,PG,22,DET,28,407,,.377,.436,.273,.426,.767,.486,.352,.361,,83,83,78,81,99,87,147,90,,-24.3,-20.7
386,Alex Len\lenal01,C,28,SAC,33,557,,.529,.559,.316,.548,.643,.573,.361,.123,,116,106,90,104,83,102,150,31,,7.0,4.9
387,Caris LeVert\leverca01,SG,27,TOT,42,1309,,.445,.495,.325,.493,.760,.526,.225,.295,,98,94,93,94,98,94,93,74,,-44.6,-49.5
388,Caris LeVert\leverca01,SG,27,IND,39,1214,,.447,.501,.323,.496,.760,.530,.235,.304,,98,95,92,94,98,95,98,76,,-37.3,-40.0
389,Caris LeVert\leverca01,SG,27,CLE,3,95,,.413,.421,.375,.446,.750,.461,.087,.174,,91,80,107,85,97,82,36,43,,-7.4,-9.5
390,Kira Lewis Jr.\lewiski01,PG,20,NOP,24,341,,.404,.523,.224,.449,.833,.466,.082,.397,,89,99,64,85,108,83,34,99,,-22.6,-28.3
391,Scottie Lewis\lewissc01,SG,21,CHO,2,7,,,,,,.500,.568,,,,,,,,65,102,,,,.0,.0
392,Damian Lillard\lillada01,PG,31,POR,29,1056,,.402,.485,.324,.486,.878,.550,.328,.514,,88,92,93,92,114,98,136,128,,-44.6,-11.9
393,Nassir Little\littlna01,SF,21,POR,42,1088,,.460,.584,.331,.541,.734,.575,.298,.489,,101,111,95,103,95,103,124,122,,9.7,11.2
394,Isaiah Livers\liveris01,SF,23,DET,1,5,,.000,,.000,.000,,.000,.000,1.000,,,,,,,,,250,,-2.1,-2.2
395,Kevon Looney\looneke01,C,25,GSW,57,1217,,.545,.547,.000,.545,.656,.571,.347,.004,,119,104,,104,85,102,144,1,,10.1,7.3
396,Brook Lopez\lopezbr01,C,33,MIL,1,28,,.333,.200,.500,.444,,.444,.000,.444,,73,38,143,85,,79,,111,,-1.5,-2.1
397,Robin Lopez\lopezro01,C,33,ORL,26,459,,.569,.574,.400,.575,.579,.583,.237,.031,,125,109,115,109,75,104,99,8,,15.7,8.2
398,Didi Louzada\louzama01,SF,22,NOP,2,7,,.000,,.000,.000,,.000,.000,1.000,,,,,,,,,250,,-3.2,-3.4
399,Kevin Love\loveke01,PF,33,CLE,49,1091,,.426,.478,.392,.544,.853,.594,.302,.599,,94,91,112,103,110,106,126,150,,18.2,39.7
400,Kyle Lowry\lowryky01,PG,35,MIA,44,1493,,.419,.532,.340,.519,.849,.565,.262,.590,,92,101,97,99,110,101,109,147,,-6.5,5.3
,,,,,,,,,,,,,,,,,,,,,,,,,,,
,,,,,,,,,,,,,,,,,,,,,,,,,,,
401,Timothé Luwawu-Cabarrot\luwawti01,SF,26,ATL,35,447,,.391,.439,.368,.516,.850,.545,.156,.680,,86,83,105,98,110,97,65,170,,-2.6,-4.1
402,Trey Lyles\lylestr01,PF,26,DET,51,990,,.456,.550,.301,.513,.784,.576,.458,.380,,100,104,86,98,101,103,191,95,,-9.9,15.6
403,Théo Maledon\maledth01,PG,20,OKC,29,404,,.310,.407,.220,.367,.848,.435,.292,.522,,68,77,63,70,110,78,121,130,,-35.9,-31.7
404,Sandro Mamukelashvili\mamuksa01,PF,22,MIL,31,301,,.439,.488,.385,.530,.750,.550,.146,.476,,96,93,110,101,97,98,61,119,,.7,-1.7
405,Terance Mann\mannte01,SF,25,LAC,57,1635,,.479,.535,.364,.538,.752,.565,.214,.326,,105,101,104,102,97,101,89,81,,11.5,6.0
406,Tre Mann\manntr01,PG,20,OKC,43,835,,.368,.381,.353,.450,.733,.471,.134,.463,,81,72,101,85,95,84,56,116,,-51.5,-63.3
407,Boban Marjanović\marjabo01,C,33,DAL,17,98,,.632,.648,.333,.640,.500,.632,.281,.053,,139,123,95,122,65,113,117,13,,13.0,9.3
408,Lauri Markkanen\markkla01,PF,24,CLE,38,1148,,.436,.539,.342,.526,.863,.557,.169,.522,,96,102,98,100,112,100,70,130,,-0.3,-2.3
409,Naji Marshall\marshna01,SF,24,NOP,31,301,,.359,.483,.186,.398,.857,.473,.340,.417,,79,92,53,76,111,85,141,104,,-26.3,-20.5
410,Caleb Martin\martica02,SF,26,MIA,44,1009,,.506,.579,.379,.575,.739,.599,.217,.365,,111,110,109,109,96,107,90,91,,31.5,27.1
411,Cody Martin\martico01,SF,26,CHO,49,1334,,.454,.480,.410,.530,.671,.554,.259,.369,,100,91,117,101,87,99,108,92,,2.6,-4.2
412,Kelan Martin\martike03,SF,26,IND,27,444,,.417,.511,.297,.482,.692,.492,.077,.440,,91,97,85,92,90,88,32,110,,-14.7,-23.4
413,Kenyon Martin Jr.\martike04,SF,21,HOU,52,1021,,.527,.617,.298,.569,.635,.584,.254,.281,,116,117,85,108,82,104,106,70,,28.7,18.3
414,Garrison Mathews\mathega01,SG,25,HOU,38,1046,,.416,.596,.378,.573,.808,.626,.413,.828,,91,113,108,109,105,112,172,207,,28.3,47.3
415,Dakota Mathias\mathida01,SG,26,MEM,6,16,,.333,,.333,.500,,.500,.000,1.000,,73,,95,95,,89,,250,,-0.3,-0.7
416,Wesley Matthews\matthwe02,SG,35,MIL,28,538,,.417,.583,.352,.543,.600,.548,.079,.717,,92,111,101,103,78,98,33,179,,4.4,-3.1
417,Tyrese Maxey\maxeyty01,PG,21,PHI,49,1745,,.475,.502,.399,.527,.860,.570,.238,.262,,104,95,114,100,111,102,99,65,,1.7,14.9
418,Skylar Mays\mayssk01,SG,24,ATL,22,202,,.508,.639,.320,.574,.889,.600,.148,.410,,111,121,92,109,115,107,61,102,,5.8,5.3
419,Miles McBride\mcbrimi01,PG,21,NYK,21,151,,.259,.370,.161,.302,.750,.318,.069,.534,,57,70,46,57,97,57,29,133,,-26.0,-28.9
420,Mac McClung\mccluma01,PG,23,CHI,1,3,,1.000,1.000,,1.000,,1.000,.000,.000,,219,190,,190,,179,,,,.9,.9
,,,,,,,,,,,,,,,,,,,,,,,,,,,
,,,,,,,,,,,,,,,,,,,,,,,,,,,
421,CJ McCollum\mccolcj01,SG,30,TOT,38,1340,,.438,.483,.379,.520,.712,.532,.103,.431,,96,92,109,99,92,95,43,108,,-8.8,-40.6
422,CJ McCollum\mccolcj01,SG,30,POR,36,1267,,.436,.476,.384,.520,.706,.532,.102,.435,,96,90,110,99,91,95,43,108,,-8.5,-38.8
423,CJ McCollum\mccolcj01,SG,30,NOP,2,73,,.467,.571,.294,.522,.800,.540,.111,.378,,102,108,84,99,104,97,46,94,,-0.3,-1.8
424,T.J. McConnell\mccontj01,PG,29,IND,24,581,,.503,.538,.280,.522,.800,.536,.083,.138,,110,102,80,99,104,96,34,34,,-1.4,-9.0
425,Jalen McDaniels\mcdanja01,SF,24,CHO,39,685,,.492,.586,.372,.574,.674,.592,.234,.437,,108,111,107,109,87,106,97,109,,18.8,13.9
426,Jaden McDaniels\mcdanja02,PF,21,MIN,54,1402,,.442,.552,.306,.511,.787,.529,.113,.447,,97,105,88,97,102,95,47,112,,-12.6,-26.7
427,Doug McDermott\mcderdo01,PF,30,SAS,41,1002,,.466,.506,.435,.588,.733,.596,.077,.557,,102,96,125,112,95,106,32,139,,47.9,29.0
428,JaVale McGee\mcgeeja01,C,34,PHO,50,811,,.654,.660,.333,.657,.680,.671,.315,.018,,144,125,95,125,88,120,131,5,,86.0,83.3
429,Cameron McGriff\mcgrica01,SF,24,POR,3,46,,.357,.375,.333,.429,1.000,.470,.143,.429,,78,71,95,81,129,84,59,107,,-2.7,-2.7
430,Rodney McGruder\mcgruro01,SG,30,DET,31,426,,.449,.511,.408,.572,.714,.584,.119,.602,,99,97,117,109,92,104,49,150,,10.9,6.0
431,Alfonzo McKinnie\mckinal01,SF,29,CHI,17,206,,.393,.441,.333,.467,.250,.457,.131,.443,,86,84,95,89,32,82,55,111,,-7.2,-13.2
432,JaQuori McLaughlin\mclauja01,PG,24,DAL,4,11,,.000,.000,.000,.000,,.000,.000,.500,,,,,,,,,125,,-2.1,-2.2
433,Jordan McLaughlin\mclaujo01,PG,25,MIN,39,482,,.389,.493,.214,.429,.741,.468,.239,.372,,85,93,61,82,96,84,99,93,,-21.9,-22.8
434,Ben McLemore\mclembe01,SG,28,POR,40,745,,.396,.475,.377,.547,.794,.564,.110,.802,,87,90,108,104,103,101,46,200,,13.0,2.5
435,De'Anthony Melton\meltode01,SG,23,MEM,49,1116,,.384,.429,.342,.472,.707,.494,.164,.511,,84,81,98,90,91,88,68,128,,-49.7,-64.5
436,Sam Merrill\merrisa01,SG,25,MEM,6,58,,.333,1.000,.304,.479,.500,.485,.167,.958,,73,190,87,91,65,87,69,239,,-2.2,-3.8
437,Chimezie Metu\metuch01,C,24,SAC,40,895,,.438,.555,.281,.498,.741,.524,.183,.426,,96,105,81,95,96,94,76,106,,-17.4,-24.4
438,Khris Middleton\middlkh01,SF,30,MIL,45,1434,,.445,.497,.372,.523,.883,.577,.291,.418,,98,94,107,99,114,103,121,104,,-3.9,27.1
439,C.J. Miles\milescj01,SG,34,BOS,1,2,,,,,,,,,,,,,,,,,,,,.0,.0
440,Paul Millsap\millspa01,PF,36,BRK,24,270,,.376,.448,.222,.412,.706,.443,.200,.318,,83,85,64,78,91,79,83,79,,-19.4,-21.5
,,,,,,,,,,,,,,,,,,,,,,,,,,,
,,,,,,,,,,,,,,,,,,,,,,,,,,,
441,Patty Mills\millspa02,PG,33,BRK,55,1704,,.430,.452,.420,.576,.884,.589,.071,.694,,94,86,120,109,114,105,29,173,,60.5,36.5
442,Shake Milton\miltosh01,PG,25,PHI,29,714,,.422,.471,.309,.468,.860,.507,.187,.302,,92,89,88,89,111,91,78,75,,-30.9,-30.6
443,Davion Mitchell\mitchda01,PG,23,SAC,52,1350,,.407,.467,.321,.473,.558,.479,.079,.413,,89,89,92,90,72,86,33,103,,-57.2,-90.9
444,Donovan Mitchell\mitchdo01,SG,25,UTA,44,1466,,.451,.545,.344,.531,.874,.571,.212,.465,,99,103,98,101,113,102,88,116,,9.6,21.7
445,Evan Mobley\mobleev01,PF,20,CLE,49,1667,,.502,.531,.273,.517,.672,.546,.298,.113,,110,101,78,98,87,98,124,28,,-10.3,-18.3
446,Malik Monk\monkma01,SG,23,LAL,51,1378,,.472,.561,.401,.583,.779,.602,.150,.557,,103,106,115,111,101,108,62,139,,59.3,46.7
447,Greg Monroe\monrogr01,C,31,TOT,9,139,,.548,.548,,.548,.500,.550,.286,.000,,120,104,,104,65,98,119,,,1.8,-0.9
448,Greg Monroe\monrogr01,C,31,MIN,3,63,,.643,.643,,.643,.400,.617,.357,.000,,141,122,,122,52,110,149,,,3.3,1.9
449,Greg Monroe\monrogr01,C,31,WAS,2,18,,.500,.500,,.500,,.500,.000,.000,,110,95,,95,,89,,,,-0.4,-1.0
450,Greg Monroe\monrogr01,C,31,MIL,4,58,,.500,.500,,.500,.571,.520,.350,.000,,110,95,,95,74,93,146,,,-1.0,-1.8
451,Moses Moody\moodymo01,SG,19,GSW,33,309,,.381,.500,.305,.474,.824,.507,.175,.608,,84,95,87,90,107,91,73,152,,-10.0,-10.9
452,Matt Mooney\moonema01,SG,24,NYK,1,2,,.000,,.000,.000,,.000,.000,1.000,,,,,,,,,250,,-1.1,-1.1
453,Xavier Moon\moonxa01,SG,27,LAC,6,83,,.412,.458,.300,.456,.667,.467,.088,.294,,90,87,86,87,86,83,37,73,,-4.8,-6.5
454,Ja Morant\moranja01,PG,22,MEM,45,1489,,.493,.539,.335,.531,.748,.571,.327,.223,,108,102,96,101,97,102,136,56,,8.8,23.8
455,Juwan Morgan\morgaju01,PF,24,TOR,1,27,,.667,1.000,.500,.833,,.833,.000,.667,,146,190,143,158,,149,,166,,1.8,1.6
456,Jaylen Morris\morrija01,SG,26,SAS,3,16,,.000,.000,.000,.000,.500,.129,.667,.333,,,,,,65,23,277,83,,-6.3,-6.7
457,Markieff Morris\morrima02,PF,32,MIA,10,187,,.457,.500,.364,.514,1.000,.533,.071,.314,,100,95,104,98,129,95,30,78,,-1.6,-3.8
458,Marcus Morris\morrima03,PF,32,LAC,33,995,,.432,.464,.384,.509,.831,.545,.202,.402,,95,88,110,97,108,97,84,100,,-14.8,-14.3
459,Monte Morris\morrimo01,PG,26,DEN,51,1529,,.474,.541,.373,.548,.843,.564,.093,.401,,104,103,107,104,109,101,39,100,,24.5,5.4
460,Emmanuel Mudiay\mudiaem01,PG,25,SAC,2,11,,.000,.000,,.000,.750,.399,2.000,.000,,,,,,97,71,832,,,-2.1,-1.2
,,,,,,,,,,,,,,,,,,,,,,,,,,,
,,,,,,,,,,,,,,,,,,,,,,,,,,,
461,Mychal Mulder\muldemy01,PG,27,ORL,15,195,,.299,.333,.283,.396,1.000,.405,.030,.687,,65,63,81,75,129,72,12,171,,-17.5,-21.0
462,Ade Murkey\murkead01,SG,24,SAC,1,1,,,,,,,,,,,,,,,,,,,,.0,.0
463,Trey Murphy III\murphtr02,SF,21,NOP,40,514,,.338,.341,.336,.459,.857,.499,.189,.723,,74,65,96,87,111,89,79,180,,-19.7,-19.4
464,Dejounte Murray\murrade01,PG,25,SAS,50,1719,,.460,.501,.320,.497,.759,.520,.157,.229,,101,95,92,94,98,93,65,57,,-52.6,-75.5
465,Mike Muscala\muscami01,C,30,OKC,43,592,,.456,.506,.429,.597,.842,.630,.230,.657,,100,96,123,113,109,113,96,164,,35.1,38.4
466,Svi Mykhailiuk\mykhasv01,SF,24,TOR,42,649,,.405,.522,.310,.490,.844,.520,.156,.551,,89,99,89,93,109,93,65,138,,-14.6,-17.2
467,Abdel Nader\naderab01,SF,28,PHO,14,145,,.343,.381,.286,.400,.600,.431,.286,.400,,75,72,82,76,78,77,119,100,,-8.8,-10.1
468,Larry Nance Jr.\nancela02,PF,29,POR,37,858,,.515,.610,.306,.563,.653,.581,.247,.313,,113,116,88,107,85,104,103,78,,14.7,9.3
469,RJ Nembhard Jr.\nembhrj01,SG,22,CLE,7,44,,.455,.500,.000,.455,.500,.463,.182,.091,,100,95,,86,65,83,76,23,,-1.6,-2.3
470,Aaron Nesmith\nesmiaa01,SF,22,BOS,39,398,,.354,.604,.207,.419,.812,.445,.123,.631,,78,115,59,80,105,80,51,157,,-27.7,-31.4
471,Raul Neto\netora01,PG,29,WAS,46,914,,.447,.530,.229,.478,.753,.517,.255,.275,,98,100,66,91,97,92,106,69,,-28.7,-28.9
472,Malik Newman\newmama01,PG,24,CLE,1,8,,.600,.750,.000,.600,1.000,.680,.400,.200,,132,142,,114,129,122,166,50,,.7,1.4
473,Georges Niang\niangge01,PF,28,PHI,52,1201,,.432,.497,.395,.558,.867,.578,.113,.636,,95,94,113,106,112,103,47,159,,25.4,15.4
474,Daishen Nix\nixda01,SG,19,HOU,8,67,,.650,.769,.429,.725,.333,.704,.150,.350,,143,146,123,138,43,126,62,87,,8.0,6.1
475,Zeke Nnaji\nnajize01,PF,21,DEN,39,651,,.540,.580,.487,.645,.613,.652,.352,.432,,118,110,139,123,79,116,146,108,,41.9,37.5
476,Nerlens Noel\noelne01,C,27,NYK,25,562,,.533,.561,.000,.533,.700,.581,.500,.050,,117,106,,101,91,104,208,12,,.9,3.1
477,Jaylen Nowell\nowelja01,SG,22,MIN,40,603,,.464,.521,.365,.530,.745,.557,.209,.365,,102,99,104,101,96,100,87,91,,2.4,-1.4
478,Frank Ntilikina\ntilila01,PG,23,DAL,46,586,,.378,.422,.337,.465,.958,.499,.128,.521,,83,80,96,88,124,89,53,130,,-22.7,-24.2
479,Jusuf Nurkić\nurkiju01,C,27,POR,54,1514,,.533,.563,.231,.543,.684,.581,.441,.092,,117,107,66,103,89,104,183,23,,19.6,29.3
480,David Nwaba\nwabada01,SF,29,HOU,35,485,,.473,.541,.270,.507,.717,.549,.363,.253,,104,103,77,96,93,98,151,63,,-5.6,-3.5
,,,,,,,,,,,,,,,,,,,,,,,,,,,
,,,,,,,,,,,,,,,,,,,,,,,,,,,
481,Jordan Nwora\nworajo01,SF,23,MIL,43,820,,.402,.447,.358,.492,.762,.503,.064,.506,,88,85,102,94,99,90,27,126,,-21.9,-38.2
482,Semi Ojeleye\ojelese01,PF,27,MIL,20,308,,.257,.241,.268,.336,.769,.376,.186,.586,,56,46,77,64,100,67,77,146,,-26.6,-27.7
483,Chuma Okeke\okekech01,PF,23,ORL,47,1110,,.385,.497,.311,.478,.837,.501,.117,.598,,84,94,89,91,108,90,49,149,,-35.0,-44.8
484,Josh Okogie\okogijo01,SG,23,MIN,33,408,,.347,.410,.278,.413,.622,.466,.493,.480,,76,78,80,79,80,83,205,120,,-16.9,-17.2
485,Onyeka Okongwu\okongon01,C,21,ATL,24,522,,.709,.709,,.709,.736,.730,.453,.000,,156,135,,135,95,131,188,,,42.9,48.0
486,Isaac Okoro\okorois01,SF,21,CLE,42,1213,,.462,.559,.306,.521,.778,.568,.341,.383,,101,106,88,99,101,102,142,96,,-3.0,5.7
487,KZ Okpala\okpalkz01,PF,22,MIA,21,244,,.435,.488,.346,.500,.727,.521,.159,.377,,95,93,99,95,94,93,66,94,,-3.6,-5.6
488,Cameron Oliver\oliveca01,SF,25,ATL,2,43,,.667,.750,.333,.700,.667,.705,.200,.200,,146,142,95,133,86,126,83,50,,5.2,4.7
489,Kelly Olynyk\olynyke01,C,30,DET,19,389,,.400,.485,.275,.456,.673,.491,.288,.406,,88,92,79,87,87,88,120,101,,-23.8,-26.4
490,Eugene Omoruyi\omorueu01,SF,24,DAL,4,18,,.400,.333,.500,.500,.500,.518,.800,.400,,88,63,143,95,65,93,333,100,,-0.3,-0.6
491,Royce O'Neale\onealro01,SF,28,UTA,52,1634,,.490,.660,.407,.627,.786,.643,.146,.674,,107,125,117,119,102,115,61,168,,58.1,51.0
492,Miye Oni\onimi01,SG,24,UTA,16,44,,.222,1.000,.125,.278,.000,.265,.111,.889,,49,190,36,53,,47,46,222,,-4.5,-5.6
493,Cedi Osman\osmande01,SF,26,CLE,45,1043,,.420,.526,.355,.530,.640,.547,.209,.621,,92,100,102,101,83,98,87,155,,3.6,-11.5
494,Daniel Oturu\oturuda01,C,22,TOR,3,27,,.500,.600,.000,.500,.600,.549,.833,.167,,110,114,,95,78,98,347,42,,-0.3,-0.2
495,Kelly Oubre Jr.\oubreke01,SF,26,CHO,52,1475,,.440,.578,.343,.541,.687,.559,.186,.589,,96,110,98,103,89,100,77,147,,20.5,-1.3
496,Jaysean Paige\paigeja01,PG,27,DET,1,7,,.000,.000,.000,.000,,.000,.000,.667,,,,,,,,,166,,-3.2,-3.4
497,Trayvon Palmer\palmetr01,SG,27,DET,1,17,,.000,.000,,.000,,.000,.000,.000,,,,,,,,,,,-1.1,-1.1
498,Kevin Pangos\pangoke01,PG,29,CLE,24,166,,.326,.450,.231,.391,.750,.408,.087,.565,,72,85,66,74,97,73,36,141,,-12.4,-14.5
499,Jabari Parker\parkeja01,PF,26,BOS,12,112,,.474,.455,.500,.579,1.000,.632,.237,.421,,104,86,143,110,129,113,98,105,,4.0,6.0
500,Eric Paschall\pascher01,PF,25,UTA,42,556,,.480,.595,.368,.573,.762,.614,.368,.509,,105,113,105,109,99,110,153,127,,16.1,21.6
,,,,,,,,,,,,,,,,,,,,,,,,,,,
,,,,,,,,,,,,,,,,,,,,,,,,,,,
501,Chris Paul\paulch01,PG,36,PHO,56,1861,,.486,.542,.335,.532,.837,.577,.275,.272,,107,103,96,101,108,103,114,68,,7.4,25.1
502,Cameron Payne\payneca01,PG,27,PHO,40,815,,.404,.440,.336,.462,.864,.498,.169,.343,,89,83,96,88,112,89,70,86,,-50.3,-52.1
503,Elfrid Payton\paytoel01,PG,27,PHO,36,428,,.394,.407,.286,.409,.393,.412,.204,.102,,86,77,82,78,51,74,85,26,,-32.1,-44.1
504,Gary Payton II\paytoga02,PG,29,GSW,54,892,,.618,.761,.367,.685,.587,.683,.185,.361,,136,144,105,130,76,122,77,90,,79.1,66.7
505,Norvel Pelle\pelleno01,C,28,UTA,3,19,,.600,.600,,.600,,.600,.000,.000,,132,114,,114,,107,,,,.7,.4
506,Reggie Perry\perryre01,PF,21,TOT,3,51,,.500,.500,.500,.550,1.000,.597,.200,.200,,110,95,143,105,129,107,83,50,,.5,.8
507,Reggie Perry\perryre01,PF,21,POR,2,41,,.444,.429,.500,.500,1.000,.557,.222,.222,,97,81,143,95,129,99,92,55,,-0.5,-0.1
508,Reggie Perry\perryre01,PF,21,IND,1,10,,1.000,1.000,,1.000,,1.000,.000,.000,,219,190,,190,,179,,,,.9,.9
509,Jamorko Pickett\pickeja01,PF,24,DET,6,47,,.100,.000,.143,.150,,.150,.000,.700,,22,,41,29,,27,,175,,-7.5,-8.2
510,Theo Pinson\pinsoth01,SF,26,DAL,16,120,,.281,.429,.240,.375,1.000,.415,.125,.781,,62,81,69,71,129,74,52,195,,-9.7,-9.8
511,Mason Plumlee\plumlma01,C,31,CHO,49,1249,,.633,.639,.000,.633,.340,.591,.463,.009,,139,121,,120,44,106,192,2,,49.1,17.5
512,Jakob Poeltl\poeltja01,C,26,SAS,47,1352,,.610,.609,1.000,.611,.469,.603,.285,.002,,134,116,286,116,61,108,119,1,,76.7,43.4
513,Aleksej Pokusevski\pokusal01,PF,20,OKC,40,646,,.396,.500,.272,.458,.562,.464,.070,.454,,87,95,78,87,73,83,29,113,,-30.8,-44.9
514,Yves Pons\ponsyv01,SF,22,MEM,7,22,,.333,.000,1.000,.500,.000,.387,.667,.333,,73,,286,95,,69,277,83,,-0.2,-1.3
515,Jordan Poole\poolejo01,SG,22,GSW,51,1481,,.436,.556,.338,.529,.926,.581,.249,.550,,96,106,97,101,120,104,103,137,,4.2,30.6
516,Kevin Porter Jr.\porteke02,PG,21,HOU,38,1143,,.403,.426,.380,.499,.620,.521,.268,.507,,88,81,109,95,80,93,111,126,,-24.4,-39.5
517,Michael Porter Jr.\portemi01,SF,23,DEN,9,265,,.359,.491,.208,.408,.556,.416,.087,.466,,79,93,60,78,72,74,36,116,,-24.3,-30.7
518,Otto Porter Jr.\porteot01,PF,28,GSW,46,996,,.471,.570,.394,.582,.727,.593,.106,.565,,103,108,113,111,94,106,44,141,,34.9,21.8
519,Bobby Portis\portibo01,C,26,MIL,48,1380,,.487,.527,.422,.567,.770,.586,.146,.378,,107,100,121,108,100,105,61,94,,49.1,33.2
520,Kristaps Porziņģis\porzikr01,PF,26,DAL,34,1002,,.451,.537,.283,.499,.865,.561,.335,.341,,99,102,81,95,112,100,139,85,,-27.3,1.7
,,,,,,,,,,,,,,,,,,,,,,,,,,,
,,,,,,,,,,,,,,,,,,,,,,,,,,,
521,Micah Potter\pottemi01,C,23,DET,3,31,,.455,.556,.000,.455,1.000,.505,.182,.182,,100,105,,86,129,90,76,45,,-1.6,-1.3
522,Dwight Powell\poweldw01,C,30,DAL,57,1164,,.646,.684,.387,.671,.756,.705,.506,.128,,142,130,111,128,98,126,211,32,,70.4,86.5
523,Myles Powell\powelmy01,PG,24,PHI,11,52,,.294,.364,.167,.324,1.000,.364,.118,.353,,65,69,48,62,129,65,49,88,,-6.9,-7.0
524,Norman Powell\powelno01,SF-SG,28,TOT,43,1413,,.457,.493,.407,.542,.807,.595,.373,.416,,100,93,117,103,104,106,155,104,,18.7,48.0
525,Norman Powell\powelno01,SF,28,POR,40,1333,,.456,.492,.406,.542,.803,.593,.365,.423,,100,93,116,103,104,106,152,105,,16.9,41.9
526,Norman Powell\powelno01,SG,28,LAC,3,80,,.476,.500,.429,.548,.850,.620,.476,.333,,104,95,123,104,110,111,198,83,,1.8,6.1
527,Joshua Primo\primojo01,SG,19,SAS,28,443,,.381,.429,.338,.470,.783,.500,.172,.530,,83,81,97,89,101,89,71,132,,-14.9,-17.3
528,Taurean Prince\princta02,PF,27,MIN,45,698,,.453,.544,.395,.574,.757,.595,.182,.611,,99,103,113,109,98,106,76,152,,19.5,15.6
529,Payton Pritchard\pritcpa01,SG,24,BOS,47,570,,.374,.388,.364,.484,1.000,.502,.065,.603,,82,74,104,92,129,90,27,150,,-18.1,-25.4
530,Trevelin Queen\queentr01,SG,24,HOU,8,69,,.448,.714,.364,.586,1.000,.610,.103,.759,,98,135,104,111,129,109,43,189,,3.5,3.1
531,Neemias Queta\quetane01,C,22,SAC,10,56,,.391,.391,,.391,.600,.417,.217,.000,,86,74,,74,78,74,90,,,-6.2,-7.2
532,Immanuel Quickley\quickim01,PG,22,NYK,53,1135,,.366,.417,.328,.460,.914,.508,.208,.571,,80,79,94,87,118,91,86,143,,-59.2,-50.2
533,Jahmi'us Ramsey\ramseja01,SG,20,SAC,19,134,,.414,.475,.278,.457,.500,.468,.241,.310,,91,90,80,87,65,84,100,77,,-8.0,-11.8
534,Julius Randle\randlju01,PF,27,NYK,55,1952,,.420,.474,.302,.468,.756,.514,.304,.317,,92,90,87,89,98,92,127,79,,-106.5,-94.7
535,Austin Reaves\reaveau01,SG,23,LAL,38,803,,.488,.690,.330,.580,.830,.626,.327,.562,,107,131,94,110,107,112,136,140,,17.6,24.6
536,Cam Reddish\reddica01,SF,22,TOT,41,881,,.397,.426,.361,.478,.909,.537,.268,.449,,87,81,103,91,118,96,111,112,,-35.2,-18.9
537,Cam Reddish\reddica01,SF,22,ATL,34,797,,.402,.421,.379,.487,.900,.537,.233,.446,,88,80,109,93,116,96,97,111,,-26.8,-17.3
538,Cam Reddish\reddica01,SF,22,NYK,7,84,,.333,.500,.154,.370,.947,.537,.704,.481,,73,95,44,70,123,96,293,120,,-8.4,-1.6
539,Davon Reed\reedda01,SG,26,DEN,29,399,,.474,.524,.434,.595,.800,.602,.053,.558,,104,99,124,113,104,108,22,139,,13.1,8.2
540,Paul Reed\reedpa01,C,22,PHI,23,213,,.448,.481,.000,.448,.375,.447,.138,.069,,98,91,,85,49,80,57,17,,-9.0,-13.9
,,,,,,,,,,,,,,,,,,,,,,,,,,,
,,,,,,,,,,,,,,,,,,,,,,,,,,,
541,Naz Reid\reidna01,C,22,MIN,54,864,,.462,.524,.345,.522,.745,.562,.318,.344,,101,99,99,99,96,100,132,86,,-2.9,1.6
542,Josh Richardson\richajo01,SG,28,BOS,44,1087,,.443,.481,.397,.534,.859,.570,.207,.455,,97,91,114,101,111,102,86,114,,5.2,8.1
543,Nick Richards\richani01,C,24,CHO,41,344,,.679,.679,,.679,.732,.707,.506,.000,,149,129,,129,95,126,211,,,24.8,29.2
544,Austin Rivers\riverau01,SG,29,DEN,42,879,,.410,.538,.342,.522,.704,.536,.119,.656,,90,102,98,99,91,96,49,164,,-1.8,-11.4
545,Duncan Robinson\robindu01,SG,27,MIA,54,1474,,.397,.575,.363,.549,.822,.562,.083,.839,,87,109,104,104,106,101,35,210,,24.9,3.2
546,Jeremiah Robinson-Earl\robinje02,C,21,OKC,44,1014,,.401,.472,.333,.486,.714,.506,.144,.514,,88,89,95,92,92,90,60,128,,-23.1,-33.5
547,Justin Robinson\robinju01,PG,24,TOT,25,304,,.301,.312,.295,.398,.500,.404,.086,.656,,66,59,84,76,65,72,36,164,,-23.8,-30.0
548,Justin Robinson\robinju01,PG,24,MIL,17,198,,.316,.400,.270,.404,1.000,.415,.035,.649,,69,76,77,77,129,74,15,162,,-14.0,-16.8
549,Justin Robinson\robinju01,PG,24,SAC,3,15,,.125,.200,.000,.125,,.125,.000,.375,,27,38,,24,,22,,94,,-6.4,-7.0
550,Justin Robinson\robinju01,PG,24,DET,5,91,,.321,.143,.381,.464,.333,.457,.214,.750,,70,27,109,88,43,82,89,187,,-3.5,-6.3
551,Mitchell Robinson\robinmi01,C,23,NYK,51,1285,,.768,.768,,.768,.520,.734,.536,.000,,168,146,,146,67,131,223,,,114.7,102.2
552,Isaiah Roby\robyis01,PF,23,OKC,20,282,,.543,.582,.444,.606,.762,.630,.223,.287,,119,110,127,115,99,113,93,72,,15.1,14.5
553,Rajon Rondo\rondora01,PG,35,TOT,30,549,,.367,.403,.329,.446,.810,.474,.143,.476,,81,76,94,85,105,85,59,119,,-23.6,-26.9
554,Rajon Rondo\rondora01,PG,35,LAL,18,289,,.324,.366,.267,.380,.500,.383,.028,.423,,71,69,76,72,65,68,12,105,,-20.7,-25.4
555,Rajon Rondo\rondora01,PG,35,CLE,12,260,,.408,.444,.375,.507,.842,.551,.250,.526,,89,84,107,96,109,98,104,131,,-2.9,-1.4
556,Derrick Rose\rosede01,PG,33,NYK,26,636,,.445,.467,.402,.513,.968,.541,.113,.336,,98,89,115,97,125,97,47,84,,-7.2,-10.9
557,Terrence Ross\rosste01,SG,30,ORL,49,1197,,.407,.485,.319,.482,.874,.532,.244,.469,,89,92,91,92,113,95,102,117,,-39.5,-27.8
558,Terry Rozier\roziete01,SG,27,CHO,49,1644,,.431,.501,.365,.525,.810,.551,.154,.520,,94,95,105,100,105,98,64,130,,-0.7,-15.2
559,Ricky Rubio\rubiori01,PG,31,CLE,34,970,,.363,.380,.339,.434,.854,.488,.251,.423,,80,72,97,83,111,87,104,106,,-75.3,-65.7
560,D'Angelo Russell\russeda01,PG,25,MIN,43,1379,,.416,.484,.355,.510,.816,.547,.223,.531,,91,92,102,97,106,98,93,133,,-21.4,-18.3
,,,,,,,,,,,,,,,,,,,,,,,,,,,
,,,,,,,,,,,,,,,,,,,,,,,,,,,
561,Domantas Sabonis\sabondo01,PF-C,25,TOT,49,1698,,.581,.639,.321,.610,.741,.648,.439,.182,,127,121,92,116,96,116,183,45,,100.9,126.1
562,Domantas Sabonis\sabondo01,C,25,IND,47,1632,,.580,.639,.324,.610,.740,.649,.452,.189,,127,121,93,116,96,116,188,47,,96.4,121.9
563,Domantas Sabonis\sabondo01,PF,25,SAC,2,66,,.607,.630,.000,.607,.800,.629,.179,.036,,133,119,,115,104,112,74,9,,4.5,4.2
564,Olivier Sarr\sarrol01,C,22,OKC,2,14,,.333,.500,.000,.333,1.000,.515,.667,.333,,73,95,,63,129,92,277,83,,-1.2,-0.3
565,Tomáš Satoranský\satorto01,SG,30,NOP,32,481,,.299,.355,.161,.322,.760,.373,.234,.290,,66,67,46,61,98,67,97,72,,-43.5,-44.1
566,Jordan Schakel\schakjo01,SG,23,WAS,2,14,,.000,.000,.000,.000,,.000,.000,.500,,,,,,,,,125,,-6.3,-6.7
567,Admiral Schofield\schofad01,SF,24,ORL,22,246,,.475,.708,.314,.568,.600,.572,.085,.593,,104,134,90,108,78,102,35,148,,4.9,1.5
568,Dennis Schröder\schrode01,SG,28,BOS,49,1433,,.440,.485,.349,.497,.848,.543,.248,.329,,97,92,100,95,110,97,103,82,,-33.3,-21.0
569,Tre Scott\scotttr01,SF,25,CLE,2,11,,.500,.600,.000,.500,,.500,.000,.167,,110,114,,95,,89,,42,,-0.3,-0.7
570,Jay Scrubb\scrubja01,SG,21,LAC,18,121,,.391,.480,.286,.457,.700,.486,.217,.457,,86,91,82,87,91,87,90,114,,-6.4,-7.4
571,Wayne Selden\seldewa01,SG,27,NYK,3,19,,.250,.000,.500,.375,.500,.434,1.000,.500,,55,,143,71,65,78,416,125,,-1.2,-1.4
572,Alperen Şengün\sengual01,C,19,HOU,47,878,,.477,.529,.259,.502,.697,.555,.510,.195,,105,100,74,95,90,99,212,49,,-14.5,-3.4
573,Collin Sexton\sextoco01,SG,23,CLE,11,316,,.450,.538,.244,.487,.744,.523,.258,.298,,99,102,70,93,96,94,107,74,,-11.8,-12.2
574,Landry Shamet\shamela01,SG,24,PHO,45,891,,.370,.409,.353,.493,.852,.529,.187,.696,,81,78,101,94,110,95,78,174,,-19.0,-19.0
575,Day'Ron Sharpe\sharpda01,PF,20,BRK,28,370,,.568,.578,.250,.572,.568,.580,.266,.029,,125,110,72,109,73,104,111,7,,12.8,6.2
576,Pascal Siakam\siakapa01,PF,27,TOR,42,1590,,.500,.534,.356,.534,.733,.570,.314,.189,,110,101,102,101,95,102,131,47,,10.9,16.8
577,Chris Silva\silvach01,PF,25,TOT,10,91,,.533,.533,,.533,.833,.641,.800,.000,,117,101,,101,108,115,333,,,.2,3.3
578,Chris Silva\silvach01,PF,25,MIN,1,3,,,,,,,,,,,,,,,,,,,,.0,.0
579,Chris Silva\silvach01,PF,25,MIA,9,88,,.533,.533,,.533,.833,.641,.800,.000,,117,101,,101,108,115,333,,,.2,3.3
580,Anfernee Simons\simonan01,SG,22,POR,51,1486,,.440,.495,.396,.549,.880,.574,.134,.551,,97,94,113,104,114,103,56,138,,32.3,21.7
,,,,,,,,,,,,,,,,,,,,,,,,,,,
,,,,,,,,,,,,,,,,,,,,,,,,,,,
581,Marko Simonovic\simonma01,C,22,CHI,9,35,,.267,.300,.200,.300,.727,.428,.733,.333,,58,57,57,57,94,77,305,83,,-6.8,-5.2
582,Jericho Sims\simsje01,PF,23,NYK,18,117,,.727,.727,,.727,.750,.745,.364,.000,,159,138,,138,97,133,151,,,4.4,4.7
583,Deividas Sirvydis\sirvyde01,SG,21,DET,3,27,,.100,.000,.143,.150,,.150,.000,.700,,22,,41,29,,27,,175,,-7.5,-8.2
584,Javonte Smart\smartja01,PG,22,MIL,13,160,,.256,.280,.222,.302,.833,.340,.140,.419,,56,53,64,57,108,61,58,105,,-19.2,-20.1
585,Marcus Smart\smartma01,PG,27,BOS,49,1624,,.409,.504,.309,.485,.791,.529,.276,.486,,90,96,89,92,102,95,115,121,,-40.2,-32.9
586,Dennis Smith Jr.\smithde03,PG,24,POR,37,638,,.418,.451,.222,.434,.656,.474,.339,.143,,92,85,64,82,85,85,141,36,,-34.8,-37.0
587,Ish Smith\smithis01,PG,33,TOT,38,531,,.401,.398,.423,.430,.632,.442,.099,.135,,88,75,121,82,82,79,41,34,,-37.0,-47.2
588,Ish Smith\smithis01,PG,33,CHO,37,511,,.395,.394,.400,.422,.632,.434,.103,.135,,87,75,115,80,82,78,43,34,,-38.6,-48.4
589,Ish Smith\smithis01,PG,33,WAS,1,20,,.571,.500,1.000,.643,,.643,.000,.143,,125,95,286,122,,115,,36,,1.6,1.2
590,Jalen Smith\smithja04,PF,21,TOT,31,426,,.481,.574,.261,.519,.759,.568,.377,.299,,105,109,75,99,98,102,157,75,,-2.0,3.1
591,Jalen Smith\smithja04,PF,21,PHO,29,382,,.460,.551,.231,.493,.769,.547,.380,.285,,101,105,66,94,100,98,158,71,,-9.1,-3.9
592,Jalen Smith\smithja04,PF,21,IND,2,44,,.647,.800,.429,.735,.667,.738,.353,.412,,142,152,123,140,86,132,147,103,,7.1,7.0
593,Xavier Sneed\sneedxa01,SF,24,MEM,2,8,,.000,,.000,.000,,.000,.000,1.000,,,,,,,,,250,,-2.1,-2.2
594,Tony Snell\snellto01,SG,30,POR,38,546,,.371,.545,.320,.495,1.000,.503,.031,.773,,81,103,92,94,129,90,13,193,,-6.0,-11.0
595,Jaden Springer\sprinja01,SG,19,PHI,2,6,,1.000,1.000,,1.000,,1.000,.000,.000,,219,190,,190,,179,,,,.9,.9
596,Cassius Stanley\stanlca01,SG,22,DET,9,155,,.413,.517,.235,.457,1.000,.516,.217,.370,,91,98,67,87,129,92,90,92,,-6.4,-4.4
597,Nik Stauskas\stausni01,SG,28,MIA,2,24,,.375,.250,.500,.500,.750,.564,.500,.500,,82,47,143,95,97,101,208,125,,-0.4,.1
598,Lance Stephenson\stephla01,SG-SF,31,TOT,28,490,,.456,.540,.259,.495,.812,.537,.246,.297,,100,102,74,94,105,96,102,74,,-12.1,-9.9
599,Lance Stephenson\stephla01,SF,31,ATL,6,70,,.385,.500,.000,.385,.500,.396,.154,.231,,84,95,,73,65,71,64,58,,-3.7,-4.5
600,Lance Stephenson\stephla01,SG,31,IND,22,420,,.462,.543,.273,.503,.826,.546,.253,.302,,101,103,78,96,107,98,105,75,,-8.4,-5.3
,,,,,,,,,,,,,,,,,,,,,,,,,,,
,,,,,,,,,,,,,,,,,,,,,,,,,,,
601,Lamar Stevens\stevela01,PF,24,CLE,41,586,,.475,.534,.295,.511,.625,.529,.226,.249,,104,101,85,97,81,95,94,62,,-5.2,-11.8
602,Isaiah Stewart\stewais01,C,20,DET,48,1242,,.521,.552,.125,.526,.652,.544,.209,.073,,114,105,36,100,84,97,87,18,,-0.1,-11.3
603,Max Strus\strusma01,SF,25,MIA,45,1085,,.442,.548,.409,.598,.762,.610,.108,.761,,97,104,117,114,99,109,45,190,,55.8,40.9
604,Jalen Suggs\suggsja01,PG,20,ORL,37,1030,,.370,.441,.240,.413,.760,.465,.297,.354,,81,84,69,78,98,83,123,88,,-98.6,-93.4
605,Craig Sword\swordcr01,SG,28,WAS,3,19,,.750,1.000,.000,.750,,.750,.000,.250,,164,190,,143,,134,,62,,1.8,1.5
606,Keifer Sykes\sykeske01,PG,28,IND,19,358,,.363,.415,.305,.435,.857,.461,.113,.476,,80,79,87,83,111,82,47,119,,-22.4,-25.7
607,Jae'Sean Tate\tateja01,SF,26,HOU,53,1458,,.500,.575,.297,.540,.699,.568,.279,.270,,110,109,85,103,91,101,116,67,,14.5,9.5
608,Jayson Tatum\tatumja01,SF,23,BOS,54,1951,,.432,.504,.326,.498,.843,.550,.289,.405,,95,96,93,95,109,98,120,101,,-63.1,-25.2
609,Terry Taylor\taylote01,SG,22,IND,11,179,,.554,.561,.500,.581,.833,.605,.162,.108,,122,106,143,110,108,108,67,27,,8.2,7.3
610,Garrett Temple\templga01,SG,35,NOP,52,1007,,.375,.476,.313,.472,.718,.493,.145,.617,,82,90,90,90,93,88,60,154,,-28.9,-38.3
611,Emanuel Terry\terryem01,PF,25,PHO,3,18,,.000,.000,,.000,,.000,.000,.000,,,,,,,,,,,-5.3,-5.6
612,Tyrell Terry\terryty01,PG,21,MEM,2,3,,1.000,1.000,,1.000,,1.000,.000,.000,,219,190,,190,,179,,,,.9,.9
613,Jon Teske\teskejo01,C,24,MEM,3,8,,.000,.000,,.000,.000,.000,2.000,.000,,,,,,,,832,,,-1.1,-2.1
614,Daniel Theis\theisda01,C,29,HOU,26,584,,.469,.610,.291,.534,.675,.554,.223,.441,,103,116,83,101,87,99,93,110,,2.7,-2.0
615,Brodric Thomas\thomabr01,SG,25,BOS,7,28,,.111,.333,.000,.111,1.000,.202,.222,.667,,24,63,,21,129,36,92,166,,-7.5,-7.1
616,Cam Thomas\thomaca02,SG,20,BRK,45,854,,.447,.548,.274,.497,.800,.527,.178,.370,,98,104,78,95,104,94,74,92,,-20.9,-25.5
617,Isaiah Thomas\thomais02,PG,32,TOT,5,114,,.319,.455,.200,.372,.727,.415,.234,.532,,70,86,57,71,94,74,97,133,,-14.4,-15.0
618,Isaiah Thomas\thomais02,PG,32,LAL,4,101,,.308,.412,.227,.372,.727,.422,.282,.564,,67,78,65,71,94,75,117,141,,-12.0,-12.1
619,Isaiah Thomas\thomais02,PG,32,DAL,1,13,,.375,.600,.000,.375,,.375,.000,.375,,82,114,,71,,67,,94,,-2.4,-3.0
620,Matt Thomas\thomama02,SG,27,CHI,33,431,,.410,.436,.398,.545,.765,.564,.139,.680,,90,83,114,104,99,101,58,170,,4.7,1.1
,,,,,,,,,,,,,,,,,,,,,,,,,,,
,,,,,,,,,,,,,,,,,,,,,,,,,,,
621,Klay Thompson\thompkl01,SG,31,GSW,14,346,,.438,.490,.389,.538,.963,.568,.130,.519,,96,93,111,102,125,102,54,130,,5.2,3.9
622,Tristan Thompson\thomptr01,PF,30,TOT,32,485,,.484,.481,1.000,.487,.532,.505,.390,.006,,106,91,286,93,69,90,162,2,,-12.2,-20.5
623,Tristan Thompson\thomptr01,PF,30,SAC,30,455,,.503,.500,1.000,.507,.533,.521,.397,.007,,110,95,286,96,69,93,165,2,,-5.8,-13.5
624,Tristan Thompson\thomptr01,PF,30,IND,2,30,,.125,.125,,.125,.500,.169,.250,.000,,27,24,,24,65,30,104,,,-6.4,-6.9
625,JT Thor\thorjt01,PF,19,CHO,17,144,,.389,.533,.286,.472,.700,.507,.278,.583,,85,101,82,90,91,91,116,146,,-3.9,-4.2
626,Matisse Thybulle\thybuma01,SG,24,PHI,41,1096,,.508,.716,.306,.585,.714,.596,.109,.508,,111,136,88,111,92,106,45,127,,23.0,14.7
627,Killian Tillie\tilliki02,C,23,MEM,32,427,,.362,.410,.338,.474,.625,.481,.069,.664,,79,78,97,90,81,86,29,166,,-12.0,-18.8
628,Xavier Tillman Sr.\tillmxa01,PF,23,MEM,39,510,,.451,.525,.200,.474,.646,.505,.314,.229,,99,100,57,90,84,90,130,57,,-15.9,-18.9
629,Isaiah Todd\toddis01,PF,20,WAS,9,35,,.333,.200,.400,.467,.500,.477,.267,.667,,73,38,115,89,65,85,111,166,,-1.8,-2.8
630,Obi Toppin\toppiob01,PF,23,NYK,52,794,,.512,.630,.241,.549,.750,.583,.293,.303,,112,119,69,104,97,104,122,76,,13.1,15.4
631,Juan Toscano-Anderson\toscaju01,SF,28,GSW,55,805,,.490,.597,.301,.545,.596,.559,.282,.361,,107,113,86,104,77,100,117,90,,7.5,-0.2
632,Karl-Anthony Towns\townska01,C,26,MIN,50,1707,,.522,.573,.408,.585,.818,.631,.352,.308,,115,109,117,111,106,113,146,77,,98.1,137.1
633,Gary Trent Jr.\trentga02,SG,23,TOR,46,1607,,.436,.474,.400,.539,.821,.563,.149,.512,,96,90,115,102,106,101,62,128,,18.0,4.8
634,P.J. Tucker\tuckepj01,PF,36,MIA,50,1415,,.498,.537,.458,.610,.720,.623,.159,.486,,109,102,131,116,93,111,66,121,,52.7,42.8
635,Rayjon Tucker\tuckera01,SG,24,DEN,3,29,,.500,,.500,.750,.750,.798,2.000,1.000,,110,,143,143,97,143,832,250,,.9,1.8
636,Myles Turner\turnemy01,C,25,IND,42,1235,,.509,.662,.333,.587,.752,.615,.267,.466,,112,126,95,112,97,110,111,116,,47.6,48.4
637,Jonas Valančiūnas\valanjo01,C,29,NOP,50,1568,,.533,.562,.400,.569,.816,.612,.311,.178,,117,107,115,108,106,109,129,44,,55.5,76.9
638,Denzel Valentine\valende01,SG,28,TOT,24,222,,.379,.316,.404,.523,,.523,.000,.712,,83,60,116,99,,93,,178,,-0.4,-4.9
639,Denzel Valentine\valende01,SG,28,CLE,22,204,,.371,.278,.409,.516,,.516,.000,.710,,81,53,117,98,,92,,177,,-1.2,-5.4
640,Denzel Valentine\valende01,SG,28,UTA,2,18,,.500,1.000,.333,.625,,.625,.000,.750,,110,190,95,119,,112,,187,,.8,.5
,,,,,,,,,,,,,,,,,,,,,,,,,,,
,,,,,,,,,,,,,,,,,,,,,,,,,,,
641,Jarred Vanderbilt\vandeja01,PF,22,MIN,52,1349,,.598,.616,.182,.602,.663,.621,.341,.042,,131,117,52,114,86,111,142,11,,39.5,37.1
642,Fred VanVleet\vanvlfr01,PG,27,TOR,49,1889,,.419,.444,.400,.535,.871,.572,.201,.577,,92,84,115,102,113,102,83,144,,14.8,22.2
643,Devin Vassell\vassede01,SF,21,SAS,49,1254,,.439,.522,.354,.526,.796,.543,.108,.493,,96,99,101,100,103,97,45,123,,.1,-17.1
644,Gabe Vincent\vincega01,PG,25,MIA,48,1154,,.432,.500,.391,.553,.814,.571,.115,.621,,95,95,112,105,105,102,48,155,,20.6,9.1
645,Nikola Vučević\vucevni01,C,31,CHI,50,1689,,.474,.537,.326,.523,.744,.537,.102,.298,,104,102,93,99,96,96,43,74,,-4.5,-37.9
646,Dean Wade\wadede01,PF,25,CLE,42,809,,.456,.644,.366,.580,.630,.588,.148,.676,,100,122,105,110,81,105,62,169,,19.6,11.0
647,Franz Wagner\wagnefr01,SF,20,ORL,58,1856,,.464,.504,.360,.514,.852,.554,.219,.275,,102,96,103,98,110,99,91,69,,-18.3,-9.9
648,Moritz Wagner\wagnemo01,C,24,ORL,45,564,,.500,.684,.331,.586,.797,.627,.332,.521,,110,130,95,111,103,112,138,130,,28.7,36.7
649,Ish Wainright\wainris01,PF,27,PHO,29,215,,.362,.444,.290,.440,.429,.442,.121,.534,,79,84,83,84,55,79,50,133,,-10.0,-14.4
650,Kemba Walker\walkeke02,PG,31,NYK,35,901,,.404,.448,.366,.503,.833,.536,.185,.537,,89,85,105,96,108,96,77,134,,-16.5,-17.9
651,Lonnie Walker IV\walkelo01,SG,23,SAS,52,1177,,.391,.474,.291,.457,.835,.491,.169,.454,,86,90,83,87,108,88,70,113,,-73.8,-78.8
652,M.J. Walker\walkemj01,SG,23,PHO,2,8,,.000,.000,.000,.000,,.000,.000,.500,,,,,,,,,125,,-4.2,-4.5
653,Derrick Walton\waltode01,PG,26,DET,3,108,,.231,.231,.231,.288,1.000,.342,.154,.500,,51,44,66,55,129,61,64,125,,-12.3,-12.1
654,Brad Wanamaker\wanambr01,PG,32,TOT,23,320,,.364,.400,.235,.390,.920,.472,.325,.221,,80,76,67,74,119,84,135,55,,-21.0,-15.5
655,Brad Wanamaker\wanambr01,PG,32,IND,22,293,,.361,.400,.235,.389,.909,.465,.306,.236,,79,76,67,74,118,83,127,59,,-19.7,-15.4
656,Brad Wanamaker\wanambr01,PG,32,WAS,1,27,,.400,.400,,.400,1.000,.554,.600,.000,,88,76,,76,129,99,250,,,-1.3,-0.1
657,Duane Washington Jr.\washidu02,PG,21,IND,26,531,,.380,.417,.345,.468,.808,.489,.111,.509,,83,79,99,89,105,87,46,127,,-27.1,-34.7
658,P.J. Washington\washipj01,PF,23,CHO,41,1011,,.449,.545,.389,.568,.721,.588,.193,.611,,99,103,111,108,93,105,80,152,,26.6,19.3
659,Yuta Watanabe\watanyu01,SF,27,TOR,24,359,,.400,.457,.356,.500,.538,.511,.248,.562,,88,87,102,95,70,91,103,140,,-5.4,-11.3
660,Lindy Waters III\waterli01,SG,24,OKC,2,5,,,,,,,,,,,,,,,,,,,,.0,.0
,,,,,,,,,,,,,,,,,,,,,,,,,,,
,,,,,,,,,,,,,,,,,,,,,,,,,,,
661,Tremont Waters\watertr01,PG,24,TOT,3,50,,.286,.400,.222,.357,,.357,.000,.643,,63,76,64,68,,64,,160,,-4.7,-5.7
662,Tremont Waters\watertr01,PG,24,TOR,2,42,,.250,.333,.222,.333,,.333,.000,.750,,55,63,64,63,,60,,187,,-4.6,-5.4
663,Tremont Waters\watertr01,PG,24,WAS,1,8,,.500,.500,,.500,,.500,.000,.000,,110,95,,95,,89,,,,-0.1,-0.2
664,Trendon Watford\watfotr01,SF,21,POR,31,379,,.588,.655,.000,.588,.697,.614,.340,.103,,129,124,,112,90,110,141,26,,12.0,12.2
665,Paul Watson\watsopa01,SF,27,OKC,9,156,,.343,.667,.231,.429,.500,.432,.057,.743,,75,126,66,81,65,77,24,185,,-6.8,-9.2
666,Quinndary Weatherspoon\weathqu01,SG,25,GSW,5,33,,.600,.667,.000,.600,1.000,.643,.200,.100,,132,126,,114,129,115,83,25,,1.5,1.8
667,Russell Westbrook\westbru01,PG,33,LAL,56,1937,,.436,.474,.301,.469,.670,.505,.321,.217,,96,90,86,89,87,90,133,54,,-101.1,-110.3
668,Coby White\whiteco01,PG,21,CHI,37,1027,,.445,.519,.381,.547,.841,.574,.158,.537,,98,98,109,104,109,103,65,134,,17.3,12.3
669,Derrick White\whitede01,SG,27,TOT,51,1543,,.424,.520,.313,.497,.867,.550,.277,.461,,93,99,90,94,112,98,115,115,,-34.9,-13.3
670,Derrick White\whitede01,SG,27,SAS,49,1486,,.426,.519,.314,.497,.869,.551,.281,.453,,93,98,90,95,112,99,117,113,,-32.6,-10.7
671,Derrick White\whitede01,SG,27,BOS,2,57,,.385,.556,.294,.481,.800,.514,.192,.654,,84,105,84,91,104,92,80,163,,-2.3,-2.6
672,Hassan Whiteside\whiteha01,C,32,UTA,44,813,,.632,.632,,.632,.652,.651,.475,.000,,139,120,,120,84,116,198,,,51.5,53.5
673,Joe Wieskamp\wieskjo01,SG,22,SAS,15,92,,.464,.556,.421,.607,.429,.595,.250,.679,,102,105,121,115,55,106,104,169,,4.5,2.2
674,Aaron Wiggins\wiggiaa01,SG,23,OKC,32,698,,.483,.616,.321,.556,.694,.580,.272,.450,,106,117,92,106,90,104,113,112,,10.7,8.4
675,Andrew Wiggins\wiggian01,SF,26,GSW,52,1649,,.483,.526,.416,.564,.663,.582,.232,.392,,106,100,119,107,86,104,96,98,,56.2,35.9
676,Lindell Wigginton\wiggili01,PG,23,MIL,7,43,,.727,.714,.750,.864,,.864,.000,.364,,159,135,215,164,,154,,91,,7.4,6.7
677,Brandon Williams\willibr03,PG,22,POR,2,12,,.667,.667,,.667,.571,.658,2.333,.000,,146,126,,127,74,118,970,,,.8,1.2
678,Grant Williams\willigr01,PF,23,BOS,53,1211,,.481,.584,.431,.626,.896,.654,.178,.670,,106,111,123,119,116,117,74,167,,54.0,55.2
679,Kenrich Williams\willike04,SF,27,OKC,48,1045,,.455,.524,.342,.519,.545,.527,.179,.380,,100,99,98,99,71,94,74,95,,-4.0,-21.8
680,Lou Williams\willilo02,PG,35,ATL,38,556,,.394,.413,.358,.457,.889,.508,.234,.351,,86,78,103,87,115,91,97,88,,-32.0,-26.1
,,,,,,,,,,,,,,,,,,,,,,,,,,,
,,,,,,,,,,,,,,,,,,,,,,,,,,,
681,Patrick Williams\willipa01,PF,20,CHI,5,125,,.565,.588,.500,.630,1.000,.666,.174,.261,,124,112,143,120,129,119,72,65,,4.8,5.3
682,Robert Williams\williro04,C,24,BOS,47,1408,,.732,.735,.000,.732,.693,.738,.264,.004,,161,139,,139,90,132,110,1,,117.3,113.2
683,Ziaire Williams\willizi02,SF,20,MEM,38,821,,.440,.642,.289,.522,.760,.537,.101,.573,,96,122,83,99,98,96,42,143,,-1.9,-11.9
684,D.J. Wilson\wilsodj01,PF,25,TOR,3,48,,.727,.889,.000,.727,.800,.779,.909,.182,,159,169,,138,104,139,378,45,,4.4,6.8
685,Dylan Windler\windldy01,SF,25,CLE,37,344,,.429,.522,.389,.565,.778,.581,.117,.701,,94,99,111,107,101,104,49,175,,6.0,3.4
686,Justise Winslow\winslju01,SF,25,TOT,41,602,,.453,.537,.186,.475,.630,.499,.257,.240,,99,102,53,90,82,89,107,60,,-18.3,-24.0
687,Justise Winslow\winslju01,SF,25,LAC,37,479,,.447,.518,.172,.465,.610,.490,.291,.206,,98,98,49,88,79,88,121,51,,-17.3,-22.0
688,Justise Winslow\winslju01,SF,25,POR,4,123,,.474,.625,.214,.513,.800,.535,.132,.368,,104,119,61,98,104,96,55,92,,-1.0,-2.0
689,Cassius Winston\winstca01,PG,23,WAS,3,17,,.400,1.000,.250,.500,1.000,.595,.400,.800,,88,190,72,95,129,106,166,200,,-0.3,.4
690,Robert Woodard II\woodaro01,SF,22,SAC,12,42,,.125,.083,.250,.156,1.000,.207,.125,.250,,27,16,72,30,129,37,52,62,,-11.8,-11.9
691,Christian Wood\woodch01,C,26,HOU,52,1617,,.483,.550,.369,.552,.618,.572,.352,.372,,106,104,106,105,80,102,147,93,,35.8,19.6
692,Delon Wright\wrighde01,SG,29,ATL,51,927,,.437,.477,.375,.511,.825,.548,.219,.393,,96,91,107,97,107,98,91,98,,-5.5,-4.5
693,McKinley Wright IV\wrighmc01,PG,23,MIN,3,9,,.667,1.000,.500,.833,,.833,.000,.667,,146,190,143,158,,149,,166,,1.8,1.6
694,Moses Wright\wrighmo01,PF,23,LAC,1,1,,,,,,,,,,,,,,,,,,,,.0,.0
695,Thaddeus Young\youngth01,PF,33,SAS,26,370,,.578,.602,.000,.578,.455,.574,.172,.039,,127,114,,110,59,103,71,10,,13.4,3.9
696,Trae Young\youngtr01,PG,23,ATL,51,1763,,.454,.503,.375,.526,.898,.588,.327,.381,,100,95,107,100,116,105,136,95,,-0.4,67.9
697,Omer Yurtseven\yurtsom01,C,23,MIA,40,564,,.526,.540,.143,.528,.635,.549,.268,.036,,115,102,41,100,82,98,111,9,,.9,-4.7
698,Cody Zeller\zelleco01,C,29,POR,27,355,,.567,.593,.000,.567,.776,.627,.544,.044,,124,112,,108,100,112,226,11,,7.3,15.1
699,Ivica Zubac\zubaciv01,C,24,LAC,52,1256,,.649,.649,,.649,.722,.683,.562,.000,,142,123,,123,93,122,234,,,71.1,88.9